Name,SWF,ExportName,ScaleTimeline,DirectionCount,ParticleEmitter,Effect,Speed,StartHeight,StartOffset,IsBallistic,ShadowSWF,ShadowExportName,RandomHitPositionOnCharacters,SmallRandomHitPositionOnBuildings,UseRotate,DirectionFrame,PlayOnce,UseTopLayer,Scale,HitSpell,HitSpellLevel,HitSpellInheritAffectType,DontTrackTarget,BallisticHeight,TrajectoryStyle,FixedTravelTime,DamageDelay,DestroyedEffect,BounceEffect,TargetPosRandomRadius,SlowdownDefencePercent,UseNormalizeLenghtFix,MaxBounceDistance,StopToTargetTime,CanBounceOverWall,SmoothDamage,StartOffsetFromGunBone,PenetratingHitBoxWidth,MaxHitBuildings
String,String,String,boolean,int,String,String,int,int,int,boolean,String,String,boolean,boolean,boolean,boolean,boolean,boolean,int,String,int,boolean,boolean,int,int,int,int,String,String,int,int,boolean,int,int,boolean,boolean,boolean,int,int
Cannonball,sc/buildings.sc,basic_turret_ammo,,,,,1200,50,50,,,,,,TRUE,,,TRUE,,,,,,,,,,,,,,,,,,,,,
Cannonball2,sc/buildings.sc,basic_turret_ammo2,,,,,1200,48,54,,,,,,TRUE,,,TRUE,,,,,,,,,,,,,,,,,,,,,
Cannonball4,sc/buildings.sc,basic_turret_ammo4,,,,,1200,54,58,,,,,,TRUE,,,TRUE,,,,,,,,,,,,,,,,,,,,,
Cannonball5,sc/buildings.sc,basic_turret_ammo5,,,,,1200,56,62,,,,,,TRUE,,,TRUE,,,,,,,,,,,,,,,,,,,,,
Cannonball7,sc/buildings.sc,basic_turret_ammo7,,,,,1200,60,66,,,,,,TRUE,,,TRUE,,,,,,,,,,,,,,,,,,,,,
Cannonball10,sc/buildings.sc,basic_turret_ammo10,,,,,1200,65,70,,,,,,TRUE,,,TRUE,,,,,,,,,,,,,,,,,,,,,
Cannonball12,sc/buildings.sc,basic_turret_ammo12,,,Spark Trail,,1200,70,72,,,,,,TRUE,,,TRUE,,,,,,,,,,,,,,,,,,,,,
Cannonball13,sc/buildings.sc,basic_turret_ammo13,,,Spark Trail B,,1200,75,74,,,,,,TRUE,,,TRUE,,,,,,,,,,,,,,,,,,,,,
Cannonball14,sc/buildings.sc,basic_turret_ammo14,,,Spark Trail B,,1200,75,76,,,,,,TRUE,,,TRUE,,,,,,,,,,,,,,,,,,,,,
Cannonball15,sc/buildings.sc,basic_turret_ammo15,,,Spark Trail Jungle,,1200,75,76,,,,,,TRUE,,,TRUE,,,,,,,,,,,,,,,,,,,,,
Arrow_small,sc/characters.sc,arrow_ammo_small,,,,,1400,45,50,TRUE,,,,,TRUE,,,,,,,,,,,,,,,,,,,,,,,,
Arrow_small_fire,sc/characters.sc,arrow_ammo_small_fire,,,,,1400,45,50,TRUE,,,,,TRUE,,,,,,,,,,,,,,,,,,,,,,,,
Arrow_small_elixirFire,sc/characters.sc,arrow_ammo_small_elixirFire,,,,,1400,45,50,TRUE,,,,,TRUE,,,,,,,,,,,,,,,,,,,,,,,,
Arrow_small_darkElixirFire,sc/characters.sc,arrow_ammo_small_darkElixirFire,,,,,1400,45,50,TRUE,,,,,TRUE,,,,,,,,,,,,,,,,,,,,,,,,
Arrow_small_darkElixirFire2,sc/characters.sc,arrow_ammo_small_darkElixirFire2,,,,,1400,45,50,TRUE,,,,,TRUE,,,,,,,,,,,,,,,,,,,,,,,,
Firework,sc/buildings.sc,fw_ammo,,,,,800,60,20,TRUE,,,,,TRUE,,,,,,,,,,,,,,,,,,,,,,,,
Firework2,sc/buildings.sc,fw_ammo2,,,,,800,60,20,TRUE,,,,,TRUE,,,,,,,,,,,,,,,,,,,,,,,,
Firework3,sc/buildings.sc,fw_ammo3,,,,,800,60,20,TRUE,,,,,TRUE,,,,,,,,,,,,,,,,,,,,,,,,
Firework4,sc/buildings.sc,fw_ammo4,,,,,800,60,20,TRUE,,,,,TRUE,,,,,,,,,,,,,,,,,,,,,,,,
Firework5,sc/buildings.sc,fw_ammo5,,,,,800,60,20,TRUE,,,,,TRUE,,,,,,,,,,,,,,,,,,,,,,,,
Firework6,sc/buildings.sc,fw_ammo6,,,,,800,60,20,TRUE,,,,,TRUE,,,,,,,,,,,,,,,,,,,,,,,,
Firework7,sc/buildings.sc,fw_ammo7,,,,,800,60,20,TRUE,,,,,TRUE,,,,,,,,,,,,,,,,,,,,,,,,
Firework8,sc/buildings.sc,fw_ammo8,,,,,800,60,20,TRUE,,,,,TRUE,,,,,,,,,,,,,,,,,,,,,,,,
Firework9,sc/buildings.sc,fw_ammo9,,,,,800,60,20,TRUE,,,,,TRUE,,,,,,,,,,,,,,,,,,,,,,,,
Wizard Blast,sc/buildings.sc,dummy_particle,,,,,1200,100,0,,,,,,TRUE,,,,,,,,TRUE,,,,,,,,,,,,,,,,
wizard_projectile,sc/buildings.sc,wizard_blast_lvl1,TRUE,,wizard_lvl1_trail_emitter,,500,40,50,,,,,,TRUE,,,,,,,,TRUE,,,,,,,,,,,,,,,,
wizard_projectile2,sc/buildings.sc,wizard_blast_lvl2,TRUE,,wizard_lvl2_trail_emitter,,900,40,50,,,,,,TRUE,,,,,,,,TRUE,,,,,,,,,,,,,,,,
wizard_projectile3,sc/buildings.sc,wizard_blast_lvl3,TRUE,,wizard_lvl3_trail_emitter,,900,30,40,,,,,,TRUE,,,,,,,,TRUE,,,,,,,,,,,,,,,,
wizard_projectile4,sc/buildings.sc,wizard_blast_lvl4,TRUE,,wizard_lvl3_trail_emitter,,900,30,40,,,,,,TRUE,,,,,,,,TRUE,,,,,,,,,,,,,,,,
party_wizard_projectile,sc/buildings.sc,party_wizard_blast_lvl4,TRUE,,wizard_lvl2_trail_emitter,,900,30,40,,,,,,TRUE,,,,,,,,TRUE,,,,,,,,,,,,,,,,
wizardTower_projectile,sc/buildings.sc,wizard_blast_lvl1,TRUE,,wizard_lvl1_trail_emitter,,500,180,40,,,,,,TRUE,,,,,,,,TRUE,,,,,,,,,,,,,,,,
wizardTower_projectile2,sc/buildings.sc,wizard_blast_lvl2,TRUE,,wizard_lvl2_trail_emitter,,900,180,40,,,,,,TRUE,,,,,,,,TRUE,,,,,,,,,,,,,,,,
wizardTower_projectile3,sc/buildings.sc,wizard_blast_lvl3,TRUE,,wizard_lvl3_trail_emitter,,900,180,40,,,,,,TRUE,,,,,,,,TRUE,,,,,,,,,,,,,,,,
wizardTower_projectile4,sc/buildings.sc,wizard_blast_lvl4,TRUE,,wizard_lvl3_trail_emitter,,900,180,40,,,,,,TRUE,,,,,,,,TRUE,,,,,,,,,,,,,,,,
Mortar Ammo1,sc/buildings.sc,mortar_ammo1,,,mortar_trail,,500,95,20,TRUE,sc/buildings.sc,simple_shadow_small,,,FALSE,,,,,,,,TRUE,,,,,,,,,,,,,,,,
Mortar Ammo2,sc/buildings.sc,mortar_ammo2,,,mortar_trail,,500,95,20,TRUE,sc/buildings.sc,simple_shadow_small,,,FALSE,,,,,,,,TRUE,,,,,,,,,,,,,,,,
Mortar Ammo3,sc/buildings.sc,mortar_ammo3,,,mortar_trail,,500,95,20,TRUE,sc/buildings.sc,simple_shadow_small,,,FALSE,,,,,,,,TRUE,,,,,,,,,,,,,,,,
Mortar Ammo4,sc/buildings.sc,mortar_ammo4,,,mortar_trail,,500,95,20,TRUE,sc/buildings.sc,simple_shadow_small,,,FALSE,,,,,,,,TRUE,,,,,,,,,,,,,,,,
Mortar Ammo5,sc/buildings.sc,mortar_ammo5,,,mortar_trail,,500,95,20,TRUE,sc/buildings.sc,simple_shadow_small,,,FALSE,,,,,,,,TRUE,,,,,,,,,,,,,,,,
Mortar Ammo6,sc/buildings.sc,mortar_ammo6,,,mortar_trail_lvl6,,500,95,20,TRUE,sc/buildings.sc,simple_shadow_small,,,FALSE,,,,,,,,TRUE,,,,,,,,,,,,,,,,
Mortar Ammo8,sc/buildings.sc,mortar_ammo8,,,mortar_lvl8_trail_emitter,,500,95,20,TRUE,sc/buildings.sc,simple_shadow_small,,,FALSE,,,,,,,,TRUE,,,,,,,,,,,,,,,,
Mortar Ammo9,sc/buildings.sc,mortar_ammo9,,,mortar_lvl8_trail_emitter,,500,95,20,TRUE,sc/buildings.sc,simple_shadow_small,,,FALSE,,,,,,,,TRUE,,,,,,,,,,,,,,,,
Mortar Ammo10,sc/buildings.sc,mortar_ammo10,,,mortar_lvl8_trail_emitter,,500,95,20,TRUE,sc/buildings.sc,simple_shadow_small,,,FALSE,,,,,,,,TRUE,,,,,,,,,,,,,,,,
Mortar Ammo11,sc/buildings.sc,mortar_ammo11,,,mortar_lvl8_trail_emitter,,500,95,20,TRUE,sc/buildings.sc,simple_shadow_small,,,FALSE,,,,,,,,TRUE,,,,,,,,,,,,,,,,
HealerEnergy,sc/buildings.sc,dummy_particle,,,healer_projectile_trail,,1200,40,38,,,,,,TRUE,,,,,,,,TRUE,,,,,,,,,,,,,,,,
Tower Arrow,sc/characters.sc,arrow_ammo_small,,,,,1800,190,50,TRUE,,,,,TRUE,,,,,,,,,,,,,,,,,,,,,,,,
Tower Arrow Fire,sc/characters.sc,arrow_ammo_small_fire,,,,,1800,190,50,TRUE,,,,,TRUE,,,,,,,,,,,,,,,,,,,,,,,,
Tower Arrow ElixFire,sc/characters.sc,arrow_ammo_small_elixirFire,,,,,1800,190,50,TRUE,,,,,TRUE,,,,,,,,,,,,,,,,,,,,,,,,
Tower Arrow DarkElixFire,sc/characters.sc,arrow_ammo_small_darkElixirFire,,,,,1800,190,50,TRUE,,,,,TRUE,,,,,,,,,,,,,,,,,,,,,,,,
Tower Arrow ElixFire LOW,sc/characters.sc,arrow_ammo_small_elixirFire,,,,,1800,100,50,TRUE,,,,,TRUE,,,,,,,,,,,,,,,,,,,,,,,,
Tower Arrow DarkElixFire LOW,sc/characters.sc,arrow_ammo_small_darkElixirFire,,,,,1800,100,50,TRUE,,,,,TRUE,,,,,,,,,,,,,,,,,,,,,,,,
Rapidfire arrow,sc/buildings.sc,rapidfire_arrow_ammo,,,,,2300,97,,,sc/buildings.sc,bolt_projectile_shadow,TRUE,,TRUE,,,TRUE,,,,,,,,,,,,,,,,,,,,,
ArcherQueen arrow lvl1,sc/buildings.sc,hero_multi_arrow_lvl1,,,,,1650,65,65,,sc/buildings.sc,bolt_projectile_shadow,,,TRUE,,,,,,,,,,,,,,,,,,,,,,,,
Rapidfire arrow lvl2,sc/buildings.sc,rapidfire_arrow_ammo_lvl2,,,,,2400,97,,,sc/buildings.sc,bolt_projectile_shadow,TRUE,,TRUE,,,TRUE,,,,,,,,,,,,,,,,,,,,,
Rapidfire arrow lvl3,sc/buildings.sc,rapidfire_arrow_ammo_lvl3,,,,,2500,97,,,sc/buildings.sc,bolt_projectile_shadow,TRUE,,TRUE,,,TRUE,,,,,,,,,,,,,,,,,,,,,
Rapidfire arrow lvl4,sc/buildings.sc,rapidfire_arrow_ammo_lvl4,,,,,2500,97,,,sc/buildings.sc,bolt_projectile_shadow,TRUE,,TRUE,,,TRUE,,,,,,,,,,,,,,,,,,,,,
Rapidfire arrow lvl5,sc/buildings.sc,rapidfire_arrow_ammo_lvl5,,,,,2500,97,,,sc/buildings.sc,bolt_projectile_shadow,TRUE,,TRUE,,,TRUE,,,,,,,,,,,,,,,,,,,,,
Rapidfire arrow lvl6,sc/buildings.sc,rapidfire_arrow_ammo_lvl6,,,,,2500,97,,,sc/buildings.sc,bolt_projectile_shadow,TRUE,,TRUE,,,TRUE,,,,,,,,,,,,,,,,,,,,,
ArcherQueen arrow lvl2,sc/buildings.sc,hero_multi_arrow_lvl2,,,,,1650,65,65,,sc/buildings.sc,bolt_projectile_shadow,,,TRUE,,,,,,,,,,,,,,,,,,,,,,,,
AirTrapBalloon,sc/buildings.sc,air_trap_projectile,,,,,250,0,20,FALSE,sc/buildings.sc,simple_shadow_small,,,FALSE,,TRUE,TRUE,,,,,TRUE,,,,,,,,,,,,,,,,
LargeDarkElixirBalloon,sc/buildings.sc,evil_airTrap_projectile,,,large_airTrap_redSmoke,,350,0,20,FALSE,sc/buildings.sc,simple_shadow_small,,,FALSE,,TRUE,TRUE,,,,,,,,,,,,,,,,,,,,,
gargoyle_projectile,sc/characters.sc,slimeball_projectile,,,,,380,125,50,TRUE,,,,,TRUE,,,,,,,,,,,,,,,,,,,,,,,,
Witch_projectile,sc/buildings.sc,witch_projectile,,,witch_trail_emitter,,500,25,50,,,,,,TRUE,,,,,,,,TRUE,,,,,,,,,,,,,,,,
AirTrapBalloon_lvl3,sc/buildings.sc,air_trap_projectile_lvl3,,,,,250,0,20,FALSE,sc/buildings.sc,simple_shadow_small,,,FALSE,,TRUE,TRUE,,,,,TRUE,,,,,,,,,,,,,,,,
LargeDarkElixirBalloon_lvl3,sc/buildings.sc,evil_airTrap_projectile_lvl3,,,large_airTrap_redSmoke,,350,0,20,FALSE,sc/buildings.sc,simple_shadow_small,,,FALSE,,TRUE,TRUE,,,,,,,,,,,,,,,,,,,,,
Tower Arrow Fire2,sc/characters.sc,arrow_ammo_small_fire,,,Spark Trail,,1800,190,50,TRUE,,,,,TRUE,,,,,,,,,,,,,,,,,,,,,,,,
Tower Arrow Fire3,sc/characters.sc,arrow_ammo_small_fire,,,Spark Trail_Dark,,1800,190,50,TRUE,,,,,TRUE,,,,,,,,,,,,,,,,,,,,,,,,
Tower Arrow Fire2 LOW,sc/characters.sc,arrow_ammo_small_fire,,,Spark Trail,,1800,100,50,TRUE,,,,,TRUE,,,,,,,,,,,,,,,,,,,,,,,,
Tower Arrow Fire3 LOW,sc/characters.sc,arrow_ammo_small_fire,,,Spark Trail_Dark,,1800,100,50,TRUE,,,,,TRUE,,,,,,,,,,,,,,,,,,,,,,,,
ArcherQueen arrow rage,sc/buildings.sc,hero_multi_arrow_rage,,,,,1650,65,65,,sc/buildings.sc,bolt_projectile_shadow,,,TRUE,,,,,,,,,,,,,,,,,,,,,,,,
hound_projectile,sc/characters.sc,lavahound_projectile,,,,,200,150,5,,,,,,TRUE,,,TRUE,,,,,,,,,,,,,,,,,,,,,
tinyhound_projectile,sc/characters.sc,tiny_lavahound_projectile,,,,,300,150,5,,,,,,TRUE,,,TRUE,,,,,,,,,,,,,,,,,,,,,
Air Blaster Ammo1,sc/buildings.sc,dummy_particle,,,,,600,125,125,,,,,,TRUE,,,TRUE,,,,,,,,,,,,,,,,,,,,,
Elite Wizard projectile,sc/buildings.sc,witch_projectile,,,witch_trail_emitter,,500,25,50,FALSE,,,,,TRUE,,,,,,,,,,,,,,,,,,,,,,,,
Artillery Ammo1,sc/buildings.sc,doom_ammo_big_asset_lvl1,,,,Artillery Trail,500,200,0,TRUE,sc/buildings.sc,,,,TRUE,,,TRUE,,Artillery Center,0,FALSE,,5000,1,5000,580,,,,,,,,,,,,
Artillery Ammo2,sc/buildings.sc,doom_ammo_big_asset_lvl2,,,,Artillery Trail,500,200,0,TRUE,sc/buildings.sc,,,,TRUE,,,TRUE,,Artillery Center,1,FALSE,,5000,1,5000,580,,,,,,,,,,,,
trollBoulder_lvl1,sc/buildings.sc,trollBoulder_lvl1,,6,trollBoulder_dust_emitter_lvl1,,475,75,40,TRUE,sc/buildings.sc,shadow_trollBoulder,,,,,,TRUE,,,,,,100,3,,,trollBoulder_destroyed,trollBoulder_bounce,,,,,,,,,,
trollBoulder_lvl2,sc/buildings.sc,trollBoulder_lvl2,,6,trollBoulder_dust_emitter_lvl2,,475,75,40,TRUE,sc/buildings.sc,shadow_trollBoulder,,,,,,TRUE,,,,,,100,3,,,trollBoulder_destroyed,trollBoulder_bounce,,,,,,,,,,
trollBoulder_lvl3,sc/buildings.sc,trollBoulder_lvl3,,6,trollBoulder_dust_emitter_lvl2,,475,75,40,TRUE,sc/buildings.sc,shadow_trollBoulder,,,,,,TRUE,,,,,,100,3,,,trollBoulder_destroyed,trollBoulder_bounce,,,,,,,,,,
trollBoulder_lvl4,sc/buildings.sc,trollBoulder_lvl4,,6,trollBoulder_dust_emitter_lvl2,,475,75,40,TRUE,sc/buildings.sc,shadow_trollBoulder,,,,,,TRUE,,,,,,100,3,,,trollBoulder_destroyed,trollBoulder_bounce,,,,,,,,,,
trollBoulder_lvl5,sc/buildings.sc,trollBoulder_lvl5,,6,trollBoulder_dust_emitter_lvl2,,475,75,40,TRUE,sc/buildings.sc,shadow_trollBoulder,,,,,,TRUE,,,,,,100,3,,,trollBoulder_destroyed,trollBoulder_bounce,,,,,,,,,,
babydragon_projectile,sc/buildings.sc,baby_dragon_projectile_lvl1,TRUE,,babydragon_smoke_emitter_lvl1,,475,160,80,TRUE,,,,,TRUE,,,TRUE,,,,,,45,,,,,,,,,,,,,,,
babydragon_projectile_lvl2,sc/buildings.sc,baby_dragon_projectile_lvl2,TRUE,,babydragon_smoke_emitter_lvl1,,475,160,80,TRUE,,,,,TRUE,,,TRUE,,,,,,45,,,,,,,,,,,,,,,
babydragon_projectile_lvl3,sc/buildings.sc,baby_dragon_projectile_lvl3,TRUE,,babydragon_smoke_emitter_lvl1,,475,160,80,TRUE,,,,,TRUE,,,TRUE,,,,,,45,,,,,,,,,,,,,,,
Bomb Tower Ammo1,sc/buildings.sc,bomb_projectile_lvl1,,,mortar_trail,,800,200,10,TRUE,sc/buildings.sc,simple_shadow_small,,,TRUE,,,,,,,,TRUE,,,,,,,,,,,,,,,,
Bomb Tower Ammo2,sc/buildings.sc,bomb_projectile_lvl2,,,mortar_trail,,800,200,10,TRUE,sc/buildings.sc,simple_shadow_small,,,TRUE,,,,,,,,TRUE,,,,,,,,,,,,,,,,
Bomb Tower Ammo3,sc/buildings.sc,bomb_projectile_lvl3,,,mortar_trail,,800,200,10,TRUE,sc/buildings.sc,simple_shadow_small,,,TRUE,,,,,,,,TRUE,,,,,,,,,,,,,,,,
wizardTower2_projectile,sc/buildings.sc,wizard_blast_lvl1,TRUE,,wizard_lvl1_trail_emitter,,1200,180,40,,,,,,TRUE,,,,,,,,TRUE,,,,,,,,,,,,,,,,
wizardTower2_projectile2,sc/buildings.sc,wizard_blast_lvl2,TRUE,,wizard_lvl2_trail_emitter,,1200,180,40,,,,,,TRUE,,,,,,,,TRUE,,,,,,,,,,,,,,,,
wizardTower2_projectile3,sc/buildings.sc,wizard_blast_lvl3,TRUE,,wizard_lvl3_trail_emitter,,1200,180,40,,,,,,TRUE,,,,,,,,TRUE,,,,,,,,,,,,,,,,
Mortar2 Ammo1,sc/buildings.sc,mortar_ammo1,,,mortar_trail,,750,95,20,TRUE,sc/buildings.sc,bolt_projectile_shadow,,,TRUE,,,,150,,,,TRUE,,,2500,,,,200,,,,,,,,,
Mortar2 Ammo2,sc/buildings.sc,mortar_ammo2,,,mortar_trail,,750,95,20,TRUE,sc/buildings.sc,bolt_projectile_shadow,,,TRUE,,,,150,,,,TRUE,,,2500,,,,200,,,,,,,,,
Mortar2 Ammo3,sc/buildings.sc,mortar_ammo3,,,mortar_trail,,750,95,20,TRUE,sc/buildings.sc,bolt_projectile_shadow,,,TRUE,,,,150,,,,TRUE,,,2500,,,,200,,,,,,,,,
Mortar2 Ammo4,sc/buildings.sc,mortar_ammo4,,,mortar_trail,,750,95,20,TRUE,sc/buildings.sc,bolt_projectile_shadow,,,TRUE,,,,150,,,,TRUE,,,2500,,,,200,,,,,,,,,
Mortar2 Ammo5,sc/buildings.sc,mortar_ammo5,,,mortar_trail,,750,95,20,TRUE,sc/buildings.sc,bolt_projectile_shadow,,,TRUE,,,,150,,,,TRUE,,,2500,,,,200,,,,,,,,,
Mortar2 Ammo6,sc/buildings.sc,mortar_ammo6,,,mortar_trail,,750,95,20,TRUE,sc/buildings.sc,bolt_projectile_shadow,,,TRUE,,,,150,,,,TRUE,,,2500,,,,200,,,,,,,,,
Mortar2 Ammo8,sc/buildings.sc,mortar_ammo8,,,mortar_trail,,750,95,20,TRUE,sc/buildings.sc,bolt_projectile_shadow,,,TRUE,,,,150,,,,TRUE,,,2500,,,,200,,,,,,,,,
Mortar2 Ammo9,sc/buildings.sc,mortar_ammo9,,,mortar_trail,,750,95,20,TRUE,sc/buildings.sc,bolt_projectile_shadow,,,TRUE,,,,150,,,,TRUE,,,2500,,,,200,,,,,,,,,
Mortar2 Ammo10,sc/buildings.sc,mortar_ammo1,,,mortar_trail,,750,95,20,TRUE,sc/buildings.sc,bolt_projectile_shadow,,,TRUE,,,,150,,,,TRUE,,,2500,,,,,,,,,,,,,
Cannon2ball,sc/buildings.sc,basic_turret_ammo,,,,,1200,75,38,,,,,,TRUE,,,,,,,,,,,,,,,,,,,,,,,,
Cannon2ball2,sc/buildings.sc,basic_turret_ammo2,,,,,1200,75,38,,,,,,TRUE,,,,,,,,,,,,,,,,,,,,,,,,
Cannon2ball4,sc/buildings.sc,basic_turret_ammo4,,,,,1200,75,38,,,,,,TRUE,,,,,,,,,,,,,,,,,,,,,,,,
Cannon2ball5,sc/buildings.sc,basic_turret_ammo5,,,,,1200,75,38,,,,,,TRUE,,,,,,,,,,,,,,,,,,,,,,,,
Cannon2ball7,sc/buildings.sc,basic_turret_ammo7,,,,,1200,75,38,,,,,,TRUE,,,,,,,,,,,,,,,,,,,,,,,,
Cannon2ball10,sc/buildings.sc,basic_turret_ammo10,,,,,1200,75,38,,,,,,TRUE,,,,,,,,,,,,,,,,,,,,,,,,
Cannon2ball12,sc/buildings.sc,basic_turret_ammo12,,,Spark Trail,,1200,75,38,,,,,,TRUE,,,,,,,,,,,,,,,,,,,,,,,,
Cannon2ball13,sc/buildings.sc,basic_turret_ammo13,,,Spark Trail B,,1200,75,38,,,,,,TRUE,,,,,,,,,,,,,,,,,,,,,,,,
Cannon2ball14,sc/buildings.sc,basic_turret_ammo14,,,Spark Trail B,,1200,75,38,,,,,,TRUE,,,,,,,,,,,,,,,,,,,,,,,,
Tower Arrow2,sc/characters.sc,arrow_ammo_small,,,,,3500,190,50,,,,,,TRUE,,,,,,,,,,,,,,,,,,,,,,,,
Tower Arrow2 Fire,sc/characters.sc,arrow_ammo_small_fire,,,,,3500,190,50,,,,,,TRUE,,,,,,,,,,,,,,,,,,,,,,,,
Tower Arrow2 ElixFire,sc/characters.sc,arrow_ammo_small_elixirFire,,,,,3500,190,50,,,,,,TRUE,,,,,,,,,,,,,,,,,,,,,,,,
Tower Arrow2 DarkElixFire,sc/characters.sc,arrow_ammo_small_darkElixirFire,,,,,3500,190,50,,,,,,TRUE,,,,,,,,,,,,,,,,,,,,,,,,
Tower Arrow2 Fire2,sc/characters.sc,arrow_ammo_small_fire,,,Spark Trail,,3500,190,50,,,,,,TRUE,,,,,,,,,,,,,,,,,,,,,,,,
Tower Arrow2 Fire3,sc/characters.sc,arrow_ammo_small_fire,,,Spark Trail_Dark,,3500,190,50,,,,,,TRUE,,,,,,,,,,,,,,,,,,,,,,,,
Tower Arrow LOW,sc/characters.sc,arrow_ammo_small,,,,,1800,100,50,TRUE,,,,,TRUE,,,,,,,,,,,,,,,,,,,,,,,,
Tower Arrow HIGH,sc/characters.sc,arrow_ammo_small,,,,,1800,165,50,TRUE,,,,,TRUE,,,,,,,,,,,,,,,,,,,,,,,,
Bomber Projectile,sc/characters.sc,projectile_bomb,,,,,450,100,0,TRUE,sc/buildings.sc,bolt_projectile_shadow,,,TRUE,,,,,,,,,,,,,,,,,,,,,,,,
Bomber Projectile Alt,sc/characters.sc,projectile_bomb,,,wizard_lvl4_trail_emitter,,750,100,0,TRUE,sc/buildings.sc,bolt_projectile_shadow,,,TRUE,,,,130,,,,,250,,1500,,,,,,,,,,,,,
Bomber Projectile2,sc/characters.sc,projectile_bomb_lvl2,,,,,450,100,0,TRUE,sc/buildings.sc,bolt_projectile_shadow,,,TRUE,,,,,,,,,,,,,,,,,,,,,,,,
Bomber Projectile2 Alt,sc/characters.sc,projectile_bomb_lvl2,,,wizard_lvl4_trail_emitter,,750,100,0,TRUE,sc/buildings.sc,bolt_projectile_shadow,,,TRUE,,,,130,,,,,250,,1500,,,,,,,,,,,,,
ice_wizard_projectile,sc/characters.sc,ice_wizard_projectile,TRUE,,wizard_lvl1_trail_emitter,,900,30,40,,,,,,TRUE,,,,,,,,,,,,,,,,50,,,,,,,,
DoubleCannonball1,sc/buildings.sc,basic_turret_ammo,,,,,1900,4,15,,,,,,TRUE,,,,,,,,,,,,,,,,,,,,,,,,
DoubleCannonball2,sc/buildings.sc,basic_turret_ammo,,,,,1900,8,16,,,,,,TRUE,,,,,,,,,,,,,,,,,,,,,,,,
DoubleCannonball3,sc/buildings.sc,basic_turret_ammo2,,,,,1900,12,17,,,,,,TRUE,,,,,,,,,,,,,,,,,,,,,,,,
DoubleCannonball4,sc/buildings.sc,basic_turret_ammo2,,,,,1900,16,18,,,,,,TRUE,,,,,,,,,,,,,,,,,,,,,,,,
DoubleCannonball5,sc/buildings.sc,basic_turret_ammo4,,,,,1900,17,19,,,,,,TRUE,,,,,,,,,,,,,,,,,,,,,,,,
DoubleCannonball6,sc/buildings.sc,basic_turret_ammo4,,,,,1900,18,20,,,,,,TRUE,,,,,,,,,,,,,,,,,,,,,,,,
DoubleCannonball7,sc/buildings.sc,basic_turret_ammo5,,,,,1900,19,21,,,,,,TRUE,,,,,,,,,,,,,,,,,,,,,,,,
DoubleCannonball8,sc/buildings.sc,basic_turret_ammo5,,,,,1900,20,22,,,,,,TRUE,,,,,,,,,,,,,,,,,,,,,,,,
DoubleCannonball9,sc/buildings.sc,basic_turret_ammo7,,,,,1900,21,23,,,,,,TRUE,,,,,,,,,,,,,,,,,,,,,,,,
DoubleCannonball10,sc/buildings.sc,basic_turret_ammo7,,,,,1900,22,24,,,,,,TRUE,,,,,,,,,,,,,,,,,,,,,,,,
Moving Cannon Cannonball,sc/buildings.sc,basic_turret_ammo,,,,,1200,75,38,,,,,,TRUE,,,,190,,,,,,,,,,,,,,,,,,,,
Minion_Projectile,sc/characters.sc,slimeball_projectile,,,,,380,140,20,TRUE,,,,,TRUE,,,,,,,,,,,,,,,,,,,,,,,,
FireworkMini,sc/buildings.sc,fw_ammo,,,,,1200,60,20,TRUE,,,,,TRUE,,,,50,,,,,,,,,,,,,,,,,,,,
FireworkMini2,sc/buildings.sc,fw_ammo2,,,,,1200,60,20,TRUE,,,,,TRUE,,,,50,,,,,,,,,,,,,,,,,,,,
FireworkMini3,sc/buildings.sc,fw_ammo3,,,,,1200,60,20,TRUE,,,,,TRUE,,,,50,,,,,,,,,,,,,,,,,,,,
FireworkMini4,sc/buildings.sc,fw_ammo4,,,,,1200,60,20,TRUE,,,,,TRUE,,,,50,,,,,,,,,,,,,,,,,,,,
FireworkMini5,sc/buildings.sc,fw_ammo5,,,,,1200,60,20,TRUE,,,,,TRUE,,,,50,,,,,,,,,,,,,,,,,,,,
FireworkMini6,sc/buildings.sc,fw_ammo6,,,,,1200,60,20,TRUE,,,,,TRUE,,,,50,,,,,,,,,,,,,,,,,,,,
FireworkMini7,sc/buildings.sc,fw_ammo7,,,,,1200,60,20,TRUE,,,,,TRUE,,,,50,,,,,,,,,,,,,,,,,,,,
FireworkMini8,sc/buildings.sc,fw_ammo8,,,,,1200,60,20,TRUE,,,,,TRUE,,,,50,,,,,,,,,,,,,,,,,,,,
FireworkMini9,sc/buildings.sc,fw_ammo9,,,,,1200,60,20,TRUE,,,,,TRUE,,,,50,,,,,,,,,,,,,,,,,,,,
AirTrapBalloon2,sc/buildings.sc,air_trap_projectile,,,,,250,0,20,FALSE,sc/buildings.sc,simple_shadow_small,,,FALSE,,TRUE,TRUE,,,,,TRUE,,,,,,,,,,,,,,,,
AirDefenceBalloon_1,sc/buildings2.sc,air_barrel_projectile_1,,,,,200,60,,FALSE,sc/buildings.sc,simple_shadow_small,,,FALSE,,TRUE,TRUE,,,,,,,,,,,,,,,,,,,,,
AirDefenceBalloon_2,sc/buildings2.sc,air_barrel_projectile_2,,,,,200,60,,FALSE,sc/buildings.sc,simple_shadow_small,,,FALSE,,TRUE,TRUE,,,,,,,,,,,,,,,,,,,,,
AirDefenceBalloon_3,sc/buildings2.sc,air_barrel_projectile_3,,,,,200,60,,FALSE,sc/buildings.sc,simple_shadow_small,,,FALSE,,TRUE,TRUE,,,,,,,,,,,,,,,,,,,,,
AirDefenceBalloon_4,sc/buildings2.sc,air_barrel_projectile_4,,,,,200,60,,FALSE,sc/buildings.sc,simple_shadow_small,,,FALSE,,TRUE,TRUE,,,,,,,,,,,,,,,,,,,,,
Flamer_projectile1-3,sc/buildings.sc,Flamer_projectile_1,,,Flamer_trail1-3,,480,100,75,TRUE,,,,,TRUE,,TRUE,,80,,,,TRUE,110,,,,,,100,,,,,,,,,
Flamer_projectile4-6,sc/buildings.sc,Flamer_projectile_1,,,Flamer_trail4-6,,480,130,75,TRUE,,,,,TRUE,,TRUE,,100,,,,TRUE,110,,,,,,100,,,,,,,,,
Flamer_projectile7-8,sc/buildings.sc,Flamer_projectile_1,,,Flamer_trail7-8,,480,130,75,TRUE,,,,,TRUE,,TRUE,,120,,,,TRUE,110,,,,,,100,,,,,,,,,
GiantCannonball1,sc/buildings.sc,basic_turret_ammo,,,,,500,80,40,,sc/buildings.sc,shadow_trollBoulder,,,TRUE,,,TRUE,350,,,,,,,,,,,,,,,,,,,,
ArcherQueen arrow lvl3,sc/buildings.sc,hero_multi_arrow_lvl3,,,,,1650,65,65,,sc/buildings.sc,bolt_projectile_shadow,,,TRUE,,,,,,,,,,,,,,,,,,,,,,,,
ArcherQueen arrow rage2,sc/buildings.sc,hero_multi_arrow_rage2,,,,,1650,65,65,,sc/buildings.sc,bolt_projectile_shadow,,,TRUE,,,,,,,,,,,,,,,,,,,,,,,,
gargoyle2_projectile,sc/characters.sc,slimeball_projectile,,,,,380,140,40,TRUE,,,,,TRUE,,,,,,,,,,,,,,,,,,,,,,,,
gargoyle2_special_projectile,sc/characters_air.sc,slimeball_special,,,,,380,140,40,TRUE,,,,,TRUE,,,,50,,,,,,,,,,,,,,,,,,,,
AirTrapBalloon_lvl5,sc/buildings.sc,air_trap_projectile_lvl5,,,,,250,0,20,FALSE,sc/buildings.sc,simple_shadow_small,,,FALSE,,TRUE,TRUE,,,,,TRUE,,,,,,,,,,,,,,,,
Siege Zeppelin Projectile,sc/characters.sc,projectile_bomb,,,,,450,100,0,TRUE,sc/buildings.sc,bolt_projectile_shadow,,,TRUE,,,,,,,,,,,,,Air Defense Barrel Hit With Offset,,,,,,,,,,,
Artillery Ammo3,sc/buildings.sc,doom_ammo_big_asset_lvl2,,,,Artillery Trail,500,200,0,TRUE,sc/buildings.sc,,,,TRUE,,,TRUE,,Artillery Center,2,FALSE,,5000,1,5000,580,,,,,,,,,,,,
Goblin Townhall Arrow,sc/characters.sc,arrow_ammo_small,,,,,1800,190,50,TRUE,,,,,TRUE,,,,,,,,,,,,,,,,,,,,,,,,
executioner axe,sc/characters.sc,executioner_projectile,TRUE,,babydragon_smoke_emitter_lvl1,,900,80,80,FALSE,,,,,TRUE,,,TRUE,,,,,,45,,,,,,,,,,,,,,,
Lava Ammo1,sc/buildings2.sc,lava_launcher_projectile_1,,,mortar_lvl8_trail_emitter,,500,95,20,TRUE,sc/buildings.sc,simple_shadow_small,,,FALSE,,,,,Mortar2Poison,0,FALSE,TRUE,,,,,,,,,,,,,,,,
Lava Ammo2,sc/buildings2.sc,lava_launcher_projectile_1,,,mortar_lvl8_trail_emitter,,500,95,20,TRUE,sc/buildings.sc,simple_shadow_small,,,FALSE,,,,,Mortar2Poison,1,FALSE,TRUE,,,,,,,,,,,,,,,,
Lava Ammo3,sc/buildings2.sc,lava_launcher_projectile_1,,,mortar_lvl8_trail_emitter,,500,95,20,TRUE,sc/buildings.sc,simple_shadow_small,,,FALSE,,,,,Mortar2Poison,2,FALSE,TRUE,,,,,,,,,,,,,,,,
Lava Ammo4,sc/buildings2.sc,lava_launcher_projectile_2,,,mortar_lvl8_trail_emitter,,500,95,20,TRUE,sc/buildings.sc,simple_shadow_small,,,FALSE,,,,,Mortar2Poison,3,FALSE,TRUE,,,,,,,,,,,,,,,,
Lava Ammo5,sc/buildings2.sc,lava_launcher_projectile_2,,,mortar_lvl8_trail_emitter,,500,95,20,TRUE,sc/buildings.sc,simple_shadow_small,,,FALSE,,,,,Mortar2Poison,4,FALSE,TRUE,,,,,,,,,,,,,,,,
Lava Ammo6,sc/buildings2.sc,lava_launcher_projectile_2,,,mortar_lvl8_trail_emitter,,500,95,20,TRUE,sc/buildings.sc,simple_shadow_small,,,FALSE,,,,,Mortar2Poison,5,FALSE,TRUE,,,,,,,,,,,,,,,,
Lava Ammo7,sc/buildings2.sc,lava_launcher_projectile_2,,,mortar_lvl8_trail_emitter,,500,95,20,TRUE,sc/buildings.sc,simple_shadow_small,,,FALSE,,,,,Mortar2Poison,6,FALSE,TRUE,,,,,,,,,,,,,,,,
Lava Ammo8,sc/buildings2.sc,lava_launcher_projectile_3,,,mortar_lvl8_trail_emitter,,500,95,20,TRUE,sc/buildings.sc,simple_shadow_small,,,FALSE,,,,,Mortar2Poison,7,FALSE,TRUE,,,,,,,,,,,,,,,,
Lava Ammo9,sc/buildings2.sc,lava_launcher_projectile_3,,,mortar_lvl8_trail_emitter,,500,95,20,TRUE,sc/buildings.sc,simple_shadow_small,,,FALSE,,,,,Mortar2Poison,8,FALSE,TRUE,,,,,,,,,,,,,,,,
AmazonQueen_shield_A,sc/buildings.sc,trollBoulder_lvl4,,6,mortar_lvl8_trail_emitter,,2000,50,0,TRUE,sc/buildings.sc,simple_shadow_small,,,FALSE,,,,150,,,,,,,,,,,,,,,,,,,,
AmazonQueen_shield,sc/characters.sc,shield_projectile,,,shield_trail_glow,,2000,50,0,TRUE,sc/buildings.sc,simple_shadow_small,,,FALSE,,,,120,,,,,100,3,,,trollBoulder_destroyed,,,,TRUE,7000,15,TRUE,,,,
AmazonQueen_javelin,sc/characters.sc,hero_warriorprincess_javelin,,,javelin_trail_glow,,1200,0,0,TRUE,sc/buildings.sc,simple_shadow_small,,TRUE,TRUE,,,,,,,,,,,,,,,,,,,,,,TRUE,,
Ice Breaker Ammo1,sc/buildings.sc,ice_breaker_lvl1_projectile,,,Ice_Breaker_lvl1_trail_emitter,,1200,190,0,TRUE,sc/buildings.sc,simple_shadow_small,,,TRUE,,,,,IceBreakerSplinters,0,TRUE,,,,,,,,,,,,,,TRUE,,,
Ice Breaker Ammo2,sc/buildings.sc,ice_breaker_lvl2_projectile,,,Ice_Breaker_lvl1_trail_emitter,,1200,190,0,TRUE,sc/buildings.sc,simple_shadow_small,,,TRUE,,,,,IceBreakerSplinters,1,TRUE,,,,,,,,,,,,,,TRUE,,,
Ice Breaker Ammo3,sc/buildings.sc,ice_breaker_lvl2_projectile,,,Ice_Breaker_lvl1_trail_emitter,,1200,190,0,TRUE,sc/buildings.sc,simple_shadow_small,,,TRUE,,,,,IceBreakerSplinters,2,TRUE,,,,,,,,,,,,,,TRUE,,,
Artillery Ammo4,sc/buildings.sc,doom_ammo_big_asset_lvl2,,,,Artillery Trail,500,200,0,TRUE,sc/buildings.sc,,,,TRUE,,,TRUE,,Artillery Center,3,FALSE,,5000,1,5000,580,,,,,,,,,,,,
Artillery Ammo5,sc/buildings.sc,doom_ammo_big_asset_lvl2,,,,Artillery Trail,500,200,0,TRUE,sc/buildings.sc,,,,TRUE,,,TRUE,,Artillery Center,4,FALSE,,5000,1,5000,580,,,,,,,,,,,,
YetimiteJump,sc/characters.sc,yetimite_lvl1_idle1,,6,,,400,10,0,TRUE,,,,,FALSE,,TRUE,,,,,,,120,,,,Yetimite Die,,,,,,,,,,,
YetimiteJump2,sc/characters.sc,yetimite_lvl2_idle1,,6,,,400,10,0,TRUE,,,,,FALSE,,TRUE,,,,,,,120,,,,Yetimite Die,,,,,,,,,,,
YetimiteJump3,sc/characters.sc,yetimite_lvl3_idle1,,6,,,400,10,0,TRUE,,,,,FALSE,,TRUE,,,,,,,120,,,,Yetimite Die,,,,,,,,,,,
AirTrapBalloon_lvl6,sc/buildings.sc,air_trap_projectile_lvl6,,,,,250,0,20,FALSE,sc/buildings.sc,simple_shadow_small,,,FALSE,,TRUE,TRUE,,,,,TRUE,,,,,,,,,,,,,,,,
magic_archer_projectile,sc/characters_super.sc,superArcher_projectile,,,magic_arrow_trail,,1400,30,25,,,,,,TRUE,,,TRUE,,,,,,,,,,,,,,,,,,,,,
SkeletonProjectile,sc/characters.sc,BoarRider1_Attack1,,6,,,400,100,40,TRUE,,,,,FALSE,,TRUE,,,,,,,120,,,,,,,,,,,,,,,
Headhunter_Card_lvl1,sc/characters.sc,card_lvl1,,,card_trail_glow1,,1400,30,40,,,,,,TRUE,,,TRUE,,,,,,,,,,,,,,,,,,,,,
Headhunter_Card_lvl2,sc/characters.sc,card_lvl1,,,card_trail_glow2,,1400,30,40,,,,,,TRUE,,,TRUE,,,,,,,,,,,,,,,,,,,,,
Headhunter_Card_lvl3,sc/characters.sc,card_lvl1,,,card_trail_glow3,,1400,30,40,,,,,,TRUE,,,TRUE,,,,,,,,,,,,,,,,,,,,,
super_gargoyle_projectile,sc/characters_super.sc,minion_rocket,,,super_minion_missile_traile_emitter,,400,140,40,TRUE,sc/characters_super.sc,gargoyle_arrow_shadow,,,TRUE,,,,,,,,,,,,,,,,,,,,,,,,
super_gargoyle_projectile_big,sc/characters_super.sc,minion_rocket_big,,,mortar_lvl8_trail_emitter,,600,140,40,TRUE,sc/characters_super.sc,gargoyle_arrow_shadow,,,TRUE,,,,,,,,,250,,,,,,,,,,,,,,,
RollingLog,sc/characters.sc,log_lvl1_run1,,18,trollBoulder_dust_emitter_lvl1,,420,0,100,,sc/buildings.sc,shadow_trollBoulder,,,FALSE,,,TRUE,,,,,,,,,,Log Die,,,,,,,,,,30,4
icy_tinyhound_projectile,sc/characters.sc,tiny_icehound_projectile,,,,,300,150,5,,,,,,TRUE,,,TRUE,,,,,,,,,,,,,,,,,,,,,
ProtoProjectile1,sc/buildings.sc,basic_turret_ammo,,,,,1200,50,50,,,,,,TRUE,,,TRUE,,,,,,,,,,,,,,,,,,,,,
ProtoProjectile2,sc/buildings.sc,basic_turret_ammo,,,,,1200,50,50,,,,,,TRUE,,,TRUE,,,,,,,,,,,,,,,,,,,,,
ProtoProjectile3,sc/buildings.sc,basic_turret_ammo,,,,,1200,50,50,,,,,,TRUE,,,TRUE,,,,,,,,,,,,,,,,,,,,,
Nail Ammo,sc/buildings.sc,nail_ammo,,,,,1800,160,100,TRUE,,,,,TRUE,,,TRUE,,,,,,50,,,,,,,,,,,,,,,
Nail Ammo 2,sc/buildings.sc,nail_ammo_2,,,,,1800,160,100,TRUE,,,,,TRUE,,,TRUE,,,,,,50,,,,,,,,,,,,,,,
DragonRiderProjectile,sc/buildings.sc,dragon_rider_ammo_01,,,dragon_rider_projectile_fire_trail,,960,107,80,,,,,,TRUE,,,,,,,,,,,,,,,,,,,,,,,,
DragonRiderProjectile 2,sc/buildings.sc,dragon_rider_ammo_02,,,dragon_rider_projectile_fire_trail_02,,960,107,80,,,,,,TRUE,,,,,,,,,,,,,,,,,,,,,,,,
DragonRiderProjectile 3,sc/buildings.sc,dragon_rider_ammo_03,,,dragon_rider_projectile_fire_trail_03,,960,107,80,,,,,,TRUE,,,,,,,,,,,,,,,,,,,,,,,,
UnicornHealEnergy,sc/buildings.sc,dummy_particle,,,unicorn_projectile_trail,,1200,80,38,,,,,,TRUE,,,,,,,,,,,,,,,,,,,,,,,,
AirTrapBalloon_lvl8,sc/buildings.sc,air_trap_projectile_lvl8,,,,,250,0,20,FALSE,sc/buildings.sc,simple_shadow_small,,,FALSE,,TRUE,TRUE,,,,,TRUE,,,,,,,,,,,,,,,,
