Name,Level,TID,InfoTID,DisableProduction,SpellForgeLevel,LaboratoryLevel,DonateCost,HousingSpace,TrainingTime,DeployTimeMS,ChargingTimeMS,HitTimeMS,UpgradeTimeH,UpgradeResource,UpgradeCost,BoostTimeMS,SpeedBoost,SpeedBoost2,JumpHousingLimit,JumpBoostMS,DamageBoostPercent,BuildingDamageBoostPercent,Damage,TroopDamagePermil,BuildingDamagePermil,ExecuteHealthPermil,DamagePermilMin,PreferredDamagePermilMin,Radius,NumberOfHits,RandomRadius,TimeBetweenHitsMS,IconSWF,IconExportName,BigPicture,PreDeployEffect,DeployEffect,DeployEffect2Delay,DeployEffect2,ChargingEffect,HitEffect,RandomRadiusAffectsOnlyGfx,FreezeTimeMS,SpawnObstacle,NumObstacles,StrengthWeight,ProductionBuilding,TargetInfoString,PreferredTarget,PreferredTargetDamageMod,HeroDamageMultiplier,ShieldProjectileSpeed,ShieldProjectileDamageMod,ExtraHealthPermil,ExtraHealthMin,ExtraHealthMax,PoisonDPS,PoisonIncreaseSlowly,AttackSpeedBoost,BoostLinkedToPoison,PoisonAffectAir,ScaleDeployEffects,ImmortalTime,ShieldTime,ShieldProtectionPercent,MaxUnitsHit,EnemyDeployEffect,SnapToGrid,DuplicateHousing,DuplicateLifetime,SummonTroop,UnitsToSpawn,SpawnUpgradeLevel,ShrinkReduceSpeedRatio,ShrinkHitpointsRatio,SpawnDuration,SpawnFirstGroupSize,DamageTHPercent,DisableDonate,ScaleByTH,EnabledByCalendar,VillageType,PauseCombatComponentsMs,UpgradeLevelByTH,ChangeTeamTime,InvisibilityTime,FreezeOuterTimeMS,ConeAngle,FreezePercent,MinRadius,MinDamage,StunTimeMS,GiveSpecialAbility,GivenSpecialAbilityLevel,TornadoForce1,TornadoForce2,TornadoForce3,TornadoForce4,TornadoForce5,TornadoForceAir1,TornadoForceAir2,TornadoForceAir3,TornadoForceAir4,TornadoForceAir5,TornadoRotationSpeed,TornadoSpeedTowardsCenter,TornadoInnerRadius,TornadoInnerForcePercent,TornadoOuterForcePercent,ChainSpell,AffectsSiegeMachines,BoostDefenders,ImmunitySiegeMachines,ImmunityOtherCharacters,ImmunityTH_CC,ImmunityStorages,ImmunityWalls,ImmunityOtherBuildings,HideImmunityVFX,CapitalAttackCount,DestroyWalls,RecallHousing,PreviewScenario,TombStone,NumTombStones,Overgrowth,TargetingRadius,TargetedProjectile,TargetedAgainEffect,MasterAura,ResurrectHitpointPercentage
String,int,String,String,boolean,int,int,int,int,int,int,int,int,int,String,int,int,int,int,int,int,int,int,int,int,int,int,int,int,int,int,int,int,String,String,String,String,String,int,String,String,String,boolean,int,String,int,int,String,String,String,int,int,int,int,int,int,int,int,boolean,int,boolean,boolean,boolean,int,int,int,int,String,boolean,int,int,String,String,String,int,int,String,String,int,boolean,boolean,boolean,int,int,int,int,int,int,int,int,int,int,int,String,int,int,int,int,int,int,int,int,int,int,int,int,int,int,int,int,String,boolean,boolean,boolean,boolean,boolean,boolean,boolean,boolean,boolean,int,boolean,int,String,String,int,boolean,int,String,String,boolean,int
LighningStorm,1,TID_LIGHTNING_STORM,TID_LIGHTNING_STORM_INFO,,1,1,3,1,180,800,0,100,2,Elixir,50000,,,,,,,,150,,,,,,200,1,0,400,sc/ui.sc,icon_spell_lightning,icon_spell_lightning,Lightning predeploy,Lightning area small,,,Lightning Spell,Lightning Spell Hit,TRUE,100,,,700,Spell Forge,TID_PREFERRED_TARGET_ANY,,,,,,,,,,,,,,,,,,,,,,,,,,,,,,,,,,,,,,,100,,,,,,,,,,,,,,,,,,,,,,,,,,,,TRUE,TRUE,,,,,,,SpellLightning,,,,,,,,
,2,,,,,1,,,,,,,4,,100000,,,,,,,,180,,,,,,200,1,0,400,,,,,,,,,,,100,,,800,,,,,,,,,,,,,,,,,,,,,,,,,,,,,,,,,,,,,,,,,100,,,,,,,,,,,,,,,,,,,,,,,,,,,,,,,,,,,,,,,,,,,,
,3,,,,,2,,,,,,,6,,200000,,,,,,,,210,,,,,,200,1,0,400,,,,,,,,,,,100,,,900,,,,,,,,,,,,,,,,,,,,,,,,,,,,,,,,,,,,,,,,,100,,,,,,,,,,,,,,,,,,,,,,,,,,,,,,,,,,,,,,,,,,,,
,4,,,,,3,,,,,,,24,,600000,,,,,,,,240,,,,,,200,1,0,400,,,,,,,,,,,100,,,1000,,,,,,,,,,,,,,,,,,,,,,,,,,,,,,,,,,,,,,,,,100,,,,,,,,,,,,,,,,,,,,,,,,,,,,,,,,,,,,,,,,,,,,
,5,,,,,6,,,,,,,36,,1500000,,,,,,,,270,,,,,,200,1,0,400,,,,,,,,,,,100,,,1300,,,,,,,,,,,,,,,,,,,,,,,,,,,,,,,,,,,,,,,,,100,,,,,,,,,,,,,,,,,,,,,,,,,,,,,,,,,,,,,,,,,,,,
,6,,,,,7,,,,,,,72,,2500000,,,,,,,,320,,,,,,200,1,0,400,,,,,,,,,,,100,,,1400,,,,,,,,,,,,,,,,,,,,,,,,,,,,,,,,,,,,,,,,,100,,,,,,,,,,,,,,,,,,,,,,,,,,,,,,,,,,,,,,,,,,,,
,7,,,,,8,,,,,,,84,,4200000,,,,,,,,400,,,,,,200,1,0,400,,,,,,,,,,,100,,,1500,,,,,,,,,,,,,,,,,,,,,,,,,,,,,,,,,,,,,,,,,100,,,,,,,,,,,,,,,,,,,,,,,,,,,,,,,,,,,,,,,,,,,,
,8,,,,,9,,,,,,,120,,6300000,,,,,,,,480,,,,,,200,1,0,400,,,,,,,,,,,100,,,1600,,,,,,,,,,,,,,,,,,,,,,,,,,,,,,,,,,,,,,,,,100,,,,,,,,,,,,,,,,,,,,,,,,,,,,,,,,,,,,,,,,,,,,
,9,,,,,10,,,,,,,168,,10000000,,,,,,,,560,,,,,,200,1,0,400,,,,,,,,,,,100,,,1700,,,,,,,,,,,,,,,,,,,,,,,,,,,,,,,,,,,,,,,,,100,,,,,,,,,,,,,,,,,,,,,,,,,,,,,,,,,,,,,,,,,,,,
,10,,,,,13,,,,,,,192,,13500000,,,,,,,,600,,,,,,200,1,0,400,,,,,,,,,,,100,,,2000,,,,,,,,,,,,,,,,,,,,,,,,,,,,,,,,,,,,,,,,,100,,,,,,,,,,,,,,,,,,,,,,,,,,,,,,,,,,,,,,,,,,,,
,11,,,,,14,,,,,,,336,,18500000,,,,,,,,640,,,,,,200,1,0,400,,,,,,,,,,,100,,,2100,,,,,,,,,,,,,,,,,,,,,,,,,,,,,,,,,,,,,,,,,100,,,,,,,,,,,,,,,,,,,,,,,,,,,,,,,,,,,,,,,,,,,,
,12,,,,,15,,,,,,,,,,,,,,,,,680,,,,,,200,1,0,400,,,,,,,,,,,100,,,2200,,,,,,,,,,,,,,,,,,,,,,,,,,,,,,,,,,,,,,,,,100,,,,,,,,,,,,,,,,,,,,,,,,,,,,,,,,,,,,,,,,,,,,
HealingWave,1,TID_HEALING_WAVE,TID_HEALING_WAVE_INFO,,2,2,6,2,360,800,300,400,3,Elixir,75000,,,,,,,,-15,,,,,,500,40,200,300,sc/ui.sc,icon_spell_healing,icon_spell_healing,Heal predeploy,Heal area,,Heal area top,,Heal spell,TRUE,,,,900,Spell Forge,TID_INFO_TARGET_TYPE_GROUND_AND_AIR,,,55,,,,,,,,,,,,,,,,,,,,,,,,,,,,,,,,,,,,,,,,,,,,,,,,,,,,,,,,,,,,,,,,,,,,,,,,SpellHeal,,,,,,,,
,2,,,,,2,,,,,,,6,,150000,,,,,,,,-20,,,,,,500,40,200,300,,,,,,,,,,,,,,1000,,,,,,,,,,,,,,,,,,,,,,,,,,,,,,,,,,,,,,,,,,,,,,,,,,,,,,,,,,,,,,,,,,,,,,,,,,,,,,,,,,,,,
,3,,,,,4,,,,,,,12,,300000,,,,,,,,-25,,,,,,500,40,200,300,,,,,,,,,,,,,,1100,,,,,,,,,,,,,,,,,,,,,,,,,,,,,,,,,,,,,,,,,,,,,,,,,,,,,,,,,,,,,,,,,,,,,,,,,,,,,,,,,,,,,
,4,,,,,5,,,,,,,24,,900000,,,,,,,,-30,,,,,,500,40,200,300,,,,,,,,,,,,,,1200,,,,,,,,,,,,,,,,,,,,,,,,,,,,,,,,,,,,,,,,,,,,,,,,,,,,,,,,,,,,,,,,,,,,,,,,,,,,,,,,,,,,,
,5,,,,,6,,,,,,,36,,1800000,,,,,,,,-35,,,,,,500,40,200,300,,,,,,,,,,,,,,1300,,,,,,,,,,,,,,,,,,,,,,,,,,,,,,,,,,,,,,,,,,,,,,,,,,,,,,,,,,,,,,,,,,,,,,,,,,,,,,,,,,,,,
,6,,,,,7,,,,,,,72,,3000000,,,,,,,,-40,,,,,,500,40,200,300,,,,,,,,,,,,,,1400,,,,,,,,,,,,,,,,,,,,,,,,,,,,,,,,,,,,,,,,,,,,,,,,,,,,,,,,,,,,,,,,,,,,,,,,,,,,,,,,,,,,,
,7,,,,,8,,,,,,,120,,6000000,,,,,,,,-45,,,,,,500,40,200,300,,,,,,,,,,,,,,1500,,,,,,,,,,,,,,,,,,,,,,,,,,,,,,,,,,,,,,,,,,,,,,,,,,,,,,,,,,,,,,,,,,,,,,,,,,,,,,,,,,,,,
,8,,,,,11,,,,,,,168,,11000000,,,,,,,,-50,,,,,,500,40,200,300,,,,,,,,,,,,,,1800,,,,,,,,,,,,,,,,,,,,,,,,,,,,,,,,,,,,,,,,,,,,,,,,,,,,,,,,,,,,,,,,,,,,,,,,,,,,,,,,,,,,,
,9,,,,,13,,,,,,,192,,14000000,,,,,,,,-55,,,,,,500,40,200,300,,,,,,,,,,,,,,2000,,,,,,,,,,,,,,,,,,,,,,,,,,,,,,,,,,,,,,,,,,,,,,,,,,,,,,,,,,,,,,,,,,,,,,,,,,,,,,,,,,,,,
,10,,,,,14,,,,,,,360,,19000000,,,,,,,,-60,,,,,,500,40,200,300,,,,,,,,,,,,,,2100,,,,,,,,,,,,,,,,,,,,,,,,,,,,,,,,,,,,,,,,,,,,,,,,,,,,,,,,,,,,,,,,,,,,,,,,,,,,,,,,,,,,,
,11,,,,,15,,,,,,,,,,,,,,,,,-65,,,,,,500,40,200,300,,,,,,,,,,,,,,2200,,,,,,,,,,,,,,,,,,,,,,,,,,,,,,,,,,,,,,,,,,,,,,,,,,,,,,,,,,,,,,,,,,,,,,,,,,,,,,,,,,,,,
Haste,1,TID_HASTE,TID_HASTE_INFO,,3,3,6,2,360,800,300,400,6,Elixir,400000,1000,20,10,,,130,,,,,,,,500,60,400,300,sc/ui.sc,icon_spell_rage,icon_spell_rage,Rage predeploy,Rage deploy,,Rage deploy top,,,TRUE,,,,900,Spell Forge,TID_INFO_TARGET_TYPE_GROUND_AND_AIR,,,,,,,,,,,,,,,,,,,,,,,,,,,,,,,,,,,,,,,,,,,,,,,,,,,,,,,,,,,,,,,,,,,,,,,,,,,SpellRage,,,,,,,,
,2,,,,,3,,,,,,,12,,800000,1000,22,11,,,140,,,,,,,,500,60,400,300,,,,,,,,,,,,,,1000,,,,,,,,,,,,,,,,,,,,,,,,,,,,,,,,,,,,,,,,,,,,,,,,,,,,,,,,,,,,,,,,,,,,,,,,,,,,,,,,,,,,,
,3,,,,,4,,,,,,,24,,1000000,1000,24,12,,,150,,,,,,,,500,60,400,300,,,,,,,,,,,,,,1100,,,,,,,,,,,,,,,,,,,,,,,,,,,,,,,,,,,,,,,,,,,,,,,,,,,,,,,,,,,,,,,,,,,,,,,,,,,,,,,,,,,,,
,4,,,,,5,,,,,,,48,,2000000,1000,26,13,,,160,,,,,,,,500,60,400,300,,,,,,,,,,,,,,1200,,,,,,,,,,,,,,,,,,,,,,,,,,,,,,,,,,,,,,,,,,,,,,,,,,,,,,,,,,,,,,,,,,,,,,,,,,,,,,,,,,,,,
,5,,,,,6,,,,,,,96,,5000000,1000,28,14,,,170,,,,,,,,500,60,400,300,,,,,,,,,,,,,,1300,,,,,,,,,,,,,,,,,,,,,,,,,,,,,,,,,,,,,,,,,,,,,,,,,,,,,,,,,,,,,,,,,,,,,,,,,,,,,,,,,,,,,
,6,,,,,10,,,,,,,,,,1000,30,15,,,180,,,,,,,,500,60,400,300,,,,,,,,,,,,,,1700,,,,,,,,,,,,,,,,,,,,,,,,,,,,,,,,,,,,,,,,,,,,,,,,,,,,,,,,,,,,,,,,,,,,,,,,,,,,,,,,,,,,,
Jump,1,TID_JUMP_SPELL,TID_JUMP_SPELL_INFO,,4,4,6,2,360,800,300,400,24,Elixir,1000000,,,,100,400,,,,,,,,,350,66,400,300,sc/ui.sc,icon_spell_jump,icon_spell_jump,Jump predeploy,Jump deploy lvl1,,Jump deploy top lvl1,,,TRUE,,,,1200,Spell Forge,TID_INFO_TARGET_TYPE_GROUND,,,,,,,,,,,,,,,,,,,,,,,,,,,,,,,,,,,,,,,,,,,,,,,,,,,,,,,,,,,,,,,,,,,,,,,,,,,SpellJump,,,,,,,,
,2,,,,,5,,,,,,,48,,2000000,,,,100,400,,,,,,,,,350,133,400,300,,,,Jump predeploy,Jump deploy lvl2,,Jump deploy top lvl2,,,,,,,1300,,,,,,,,,,,,,,,,,,,,,,,,,,,,,,,,,,,,,,,,,,,,,,,,,,,,,,,,,,,,,,,,,,,,,,,,,,,,,,,,,,,,,
,3,,,,,8,,,,,,,96,,5000000,,,,100,400,,,,,,,,,350,199,400,300,,,,Jump predeploy,Jump deploy lvl3,,Jump deploy top lvl3,,,,,,,1400,,,,,,,,,,,,,,,,,,,,,,,,,,,,,,,,,,,,,,,,,,,,,,,,,,,,,,,,,,,,,,,,,,,,,,,,,,,,,,,,,,,,,
,4,,,,,11,,,,,,,156,,8000000,,,,100,400,,,,,,,,,350,266,400,300,,,,Jump predeploy,Jump deploy lvl4,,Jump deploy top lvl4,,,,,,,1700,,,,,,,,,,,,,,,,,,,,,,,,,,,,,,,,,,,,,,,,,,,,,,,,,,,,,,,,,,,,,,,,,,,,,,,,,,,,,,,,,,,,,
,5,,,,,13,,,,,,,,,,,,,100,400,,,,,,,,,350,333,400,300,,,,Jump predeploy,Jump deploy lvl5,,Jump deploy top lvl5,,,,,,,1900,,,,,,,,,,,,,,,,,,,,,,,,,,,,,,,,,,,,,,,,,,,,,,,,,,,,,,,,,,,,,,,,,,,,,,,,,,,,,,,,,,,,,
xmas,1,TID_XMAS_SPELL,TID_XMAS_SPELL_INFO,TRUE,1,1,,2,90000,800,4500,6000,,Elixir,,,,,,,,,300,,,,,,100,5,400,100,sc/ui.sc,icon_spell_xmas,icon_spell_xmas,xmas predeploy,xmas Red Smoke,2500,xmas test,xmas Drop Bombs,xmas boom,FALSE,,,,,Spell Forge,TID_INFO_TARGET_TYPE_GROUND_AND_AIR,,,,,,,,,,,,,,,,,,,,,,,,,,,,,,70,,TRUE,,,,,,,,,,,,,,,,,,,,,,,,,,,,,,,,,,,,,,,,,,,,,,,,,,,
Freeze,1,TID_FREEZE_SPELL,TID_FREEZE_SPELL_INFO,,4,7,3,1,180,800,300,400,24,Elixir,1200000,,,,,,,,,,,,,,350,1,400,0,sc/ui.sc,icon_spell_freeze,icon_spell_freeze,Freeze predeploy,Freeze deploy lvl1,,Freeze deploy2 lvl1,,,TRUE,2500,,,1100,Spell Forge,TID_INFO_TARGET_TYPE_GROUND_AND_AIR,,,,,,,,,,,,,,,,,,,,,,,,,,,,,,,,,,,,,,,2250,,,,,,,,,,,,,,,,,,,,,,,,TRUE,,,,,,,,,,,,SpellFreeze,,,,,,,,
,2,,,,,7,,,,,,,36,,1700000,,,,,,,,,,,,,,350,1,400,0,,,,,Freeze deploy lvl2,,Freeze deploy2 lvl2,,,,3000,,,1200,,,,,,,,,,,,,,,,,,,,,,,,,,,,,,,,,,,,,,,,,2700,,,,,,,,,,,,,,,,,,,,,,,,,,,,,,,,,,,,,,,,,,,,
,3,,,,,8,,,,,,,48,,3000000,,,,,,,,,,,,,,350,1,400,0,,,,,Freeze deploy lvl3,,Freeze deploy2 lvl3,,,,3500,,,1300,,,,,,,,,,,,,,,,,,,,,,,,,,,,,,,,,,,,,,,,,3150,,,,,,,,,,,,,,,,,,,,,,,,,,,,,,,,,,,,,,,,,,,,
,4,,,,,8,,,,,,,60,,4200000,,,,,,,,,,,,,,350,1,400,0,,,,,Freeze deploy lvl4,,Freeze deploy2 lvl4,,,,4000,,,1400,,,,,,,,,,,,,,,,,,,,,,,,,,,,,,,,,,,,,,,,,3600,,,,,,,,,,,,,,,,,,,,,,,,,,,,,,,,,,,,,,,,,,,,
,5,,,,,8,,,,,,,84,,6000000,,,,,,,,,,,,,,350,1,400,0,,,,,Freeze deploy lvl5,,Freeze deploy2 lvl5,,,,4500,,,1500,,,,,,,,,,,,,,,,,,,,,,,,,,,,,,,,,,,,,,,,,4050,,,,,,,,,,,,,,,,,,,,,,,,,,,,,,,,,,,,,,,,,,,,
,6,,,,,9,,,,,,,120,,7000000,,,,,,,,,,,,,,350,1,400,0,,,,,Freeze deploy lvl6,,Freeze deploy2 lvl6,,,,5000,,,1600,,,,,,,,,,,,,,,,,,,,,,,,,,,,,,,,,,,,,,,,,4500,,,,,,,,,,,,,,,,,,,,,,,,,,,,,,,,,,,,,,,,,,,,
,7,,,,,10,,,,,,,,,,,,,,,,,,,,,,,350,1,400,0,,,,,Freeze deploy lvl7,,Freeze deploy2 lvl7,,,,5500,,,1700,,,,,,,,,,,,,,,,,,,,,,,,,,,,,,,,,,,,,,,,,4950,,,,,,,,,,,,,,,,,,,,,,,,,,,,,,,,,,,,,,,,,,,,
xmas2013,1,TID_XMAS_SPELL,TID_XMAS_SPELL_INFO,,1,1,,2,360,0,4500,6000,,Elixir,,,,,,,,,180,,,,,,150,5,100,100,sc/ui.sc,icon_spell_xmas,icon_spell_xmas,,xmas Red Smoke,2500,xmas test,xmas Drop Bombs,xmas boom,FALSE,,Xmas TombStone,5,,Spell Forge,TID_INFO_TARGET_TYPE_GROUND_AND_AIR,,,,,,,,,,,,,,,,,,,,,,,,,,,,,,,TRUE,,TRUE,,,6,,,,,,,,,,,,,,,,,,,,,,,,,,,,,,,TRUE,TRUE,,,,,,,SpellSantaSurprise,,,,,,,,
,2,,,,,,,,,,,,,,,,,,,,,,190,,,,,,,,,,,,,,,,,,,,,,,,,,,,,,,,,,,,,,,,,,,,,,,,,,,,,,,,,,,,,7,,,,,,,,,,,,,,,,,,,,,,,,,,,,,,,,,,,,,,,,,,,,,,,
,3,,,,,,,,,,,,,,,,,,,,,,200,,,,,,,,,,,,,,,,,,,,,,,,,,,,,,,,,,,,,,,,,,,,,,,,,,,,,,,,,,,,,8,,,,,,,,,,,,,,,,,,,,,,,,,,,,,,,,,,,,,,,,,,,,,,,
,4,,,,,,,,,,,,,,,,,,,,,,210,,,,,,,,,,,,,,,,,,,,,,,,,,,,,,,,,,,,,,,,,,,,,,,,,,,,,,,,,,,,,9,,,,,,,,,,,,,,,,,,,,,,,,,,,,,,,,,,,,,,,,,,,,,,,
,5,,,,,,,,,,,,,,,,,,,,,,230,,,,,,,,,,,,,,,,,,,,,,,,,,,,,,,,,,,,,,,,,,,,,,,,,,,,,,,,,,,,,10,,,,,,,,,,,,,,,,,,,,,,,,,,,,,,,,,,,,,,,,,,,,,,,
,6,,,,,,,,,,,,,,,,,,,,,,260,,,,,,,,,,,,,,,,,,,,,,,,,,,,,,,,,,,,,,,,,,,,,,,,,,,,,,,,,,,,,11,,,,,,,,,,,,,,,,,,,,,,,,,,,,,,,,,,,,,,,,,,,,,,,
,7,,,,,,,,,,,,,,,,,,,,,,280,,,,,,,,,,,,,,,,,,,,,,,,,,,,,,,,,,,,,,,,,,,,,,,,,,,,,,,,,,,,,12,,,,,,,,,,,,,,,,,,,,,,,,,,,,,,,,,,,,,,,,,,,,,,,
,8,,,,,,,,,,,,,,,,,,,,,,300,,,,,,,,,,,,,,,,,,,,,,,,,,,,,,,,,,,,,,,,,,,,,,,,,,,,,,,,,,,,,13,,,,,,,,,,,,,,,,,,,,,,,,,,,,,,,,,,,,,,,,,,,,,,,
,9,,,,,,,,,,,,,,,,,,,,,,330,,,,,,,,,,,,,,,,,,,,,,,,,,,,,,,,,,,,,,,,,,,,,,,,,,,,,,,,,,,,,14,,,,,,,,,,,,,,,,,,,,,,,,,,,,,,,,,,,,,,,,,,,,,,,
,10,,,,,,,,,,,,,,,,,,,,,,350,,,,,,,,,,,,,,,,,,,,,,,,,,,,,,,,,,,,,,,,,,,,,,,,,,,,,,,,,,,,,15,,,,,,,,,,,,,,,,,,,,,,,,,,,,,,,,,,,,,,,,,,,,,,,
,11,,,,,,,,,,,,,,,,,,,,,,370,,,,,,,,,,,,,,,,,,,,,,,,,,,,,,,,,,,,,,,,,,,,,,,,,,,,,,,,,,,,,16,,,,,,,,,,,,,,,,,,,,,,,,,,,,,,,,,,,,,,,,,,,,,,,
,12,,,,,,,,,,,,,,,,,,,,,,390,,,,,,,,,,,,,,,,,,,,,,,,,,,,,,,,,,,,,,,,,,,,,,,,,,,,,,,,,,,,,17,,,,,,,,,,,,,,,,,,,,,,,,,,,,,,,,,,,,,,,,,,,,,,,
Slow,1,TID_SLOW_SPELL,,TRUE,1,1,,2,2700,0,300,300,0,Elixir,0,500,-30,-30,,,-30,,,,,,,,500,9999,0,300,,,,,Totem Slow,,,,,TRUE,,,,,Spell Forge,TID_INFO_TARGET_TYPE_GROUND_AND_AIR,,,,,,,,,,,,,,,,,,,,,,,,,,,,,,,,,,,,,,,,,,,,,,,,,,,,,,,,,,,,,,,,,,,,,,,,,,,,,,,,,,,
,2,,,,1,1,,2,2700,0,300,300,0,,0,500,-40,-40,,,-40,,,,,,,,500,9999,0,300,,,,,,,,,,,,,,,,,,,,,,,,,,,,,,,,,,,,,,,,,,,,,,,,,,,,,,,,,,,,,,,,,,,,,,,,,,,,,,,,,,,,,,,,,,,,,,,,,,,
BoostDefences,1,TID_BOOSTDEFENCES_SPELL,,TRUE,1,1,,2,2700,0,300,300,0,Elixir,0,500,,,,,,50,,,,,,,400,9999,0,300,,,,,Totem Slow,,,,,TRUE,,,,,Spell Forge,TID_INFO_TARGET_TYPE_GROUND_AND_AIR,,,,,,,,,,,,,,,,,,,,,,,,,,,,,,,,,,,,,,,,,,,,,,,,,,,,,,,,,,,,,,,,,,,,,,,,,,,,,,,,,,,
,2,,,,1,1,,2,2700,0,300,300,,,,500,,,,,,75,,,,,,,400,9999,0,300,,,,,,,,,,,,,,,,,,,,,,,,,,,,,,,,,,,,,,,,,,,,,,,,,,,,,,,,,,,,,,,,,,,,,,,,,,,,,,,,,,,,,,,,,,,,,,,,,,,
Poison,1,TID_POISON_CLOUD,TID_POISON_CLOUD_INFO,,1,1,3,1,180,800,300,400,6,DarkElixir,5000,500,-26,-26,,,,,,,,,,,400,40,0,400,sc/ui.sc,icon_spell_toxic,icon_spell_toxic,toxic_Predeploy,Toxic deploy ground halloween,,Toxic deploy halloween,,,TRUE,,,,1200,Mini Spell Factory,TID_INFO_TARGET_TYPE_GROUND_AND_AIR,,,5,,,,,,90,TRUE,-35,TRUE,TRUE,,,,,,,,,,,,,,,,,,,,,,,,,,,,,,,,,,,,,,,,,,,,,,,,,,,TRUE,,,TRUE,TRUE,TRUE,TRUE,,,,,SpellPoison,,,,,,,,
,2,,,,,6,,,,,,,18,,10000,500,-30,-30,,,,,,,,,,,,,,,,,,,,,,,,,,,,1300,,,,,,,,,,,115,,-40,,,,,,,,,,,,,,,,,,,,,,,,,,,,,,,,,,,,,,,,,,,,,,,,,,,,,,,,,,,,,,,,,,,,,,,,
,3,,,,,7,,,,,,,48,,21500,500,-34,-34,,,,,,,,,,,,,,,,,,,,,,,,,,,,1400,,,,,,,,,,,145,,-45,,,,,,,,,,,,,,,,,,,,,,,,,,,,,,,,,,,,,,,,,,,,,,,,,,,,,,,,,,,,,,,,,,,,,,,,
,4,,,,,8,,,,,,,72,,35000,500,-38,-38,,,,,,,,,,,,,,,,,,,,,,,,,,,,1500,,,,,,,,,,,180,,-50,,,,,,,,,,,,,,,,,,,,,,,,,,,,,,,,,,,,,,,,,,,,,,,,,,,,,,,,,,,,,,,,,,,,,,,,
,5,,,,,9,,,,,,,96,,55000,500,-40,-40,,,,,,,,,,,,,,,,,,,,,,,,,,,,1600,,,,,,,,,,,220,,-55,,,,,,,,,,,,,,,,,,,,,,,,,,,,,,,,,,,,,,,,,,,,,,,,,,,,,,,,,,,,,,,,,,,,,,,,
,6,,,,,10,,,,,,,120,,77500,500,-42,-42,,,,,,,,,,,,,,,,,,,,,,,,,,,,1700,,,,,,,,,,,260,,-60,,,,,,,,,,,,,,,,,,,,,,,,,,,,,,,,,,,,,,,,,,,,,,,,,,,,,,,,,,,,,,,,,,,,,,,,
,7,,,,,11,,,,,,,168,,100000,500,-44,-44,,,,,,,,,,,,,,,,,,,,,,,,,,,,1800,,,,,,,,,,,280,,-65,,,,,,,,,,,,,,,,,,,,,,,,,,,,,,,,,,,,,,,,,,,,,,,,,,,,,,,,,,,,,,,,,,,,,,,,
,8,,,,,12,,,,,,,192,,135000,500,-46,-46,,,,,,,,,,,,,,,,,,,,,,,,,,,,1900,,,,,,,,,,,300,,-68,,,,,,,,,,,,,,,,,,,,,,,,,,,,,,,,,,,,,,,,,,,,,,,,,,,,,,,,,,,,,,,,,,,,,,,,
,9,,,,,13,,,,,,,216,,175000,500,-48,-48,,,,,,,,,,,,,,,,,,,,,,,,,,,,2000,,,,,,,,,,,320,,-70,,,,,,,,,,,,,,,,,,,,,,,,,,,,,,,,,,,,,,,,,,,,,,,,,,,,,,,,,,,,,,,,,,,,,,,,
,10,,,,,14,,,,,,,348,,280000,500,-50,-50,,,,,,,,,,,,,,,,,,,,,,,,,,,,2100,,,,,,,,,,,340,,-72,,,,,,,,,,,,,,,,,,,,,,,,,,,,,,,,,,,,,,,,,,,,,,,,,,,,,,,,,,,,,,,,,,,,,,,,
,11,,,,,15,,,,,,,,,,500,-51,-51,,,,,,,,,,,,,,,,,,,,,,,,,,,,2200,,,,,,,,,,,360,,-73,,,,,,,,,,,,,,,,,,,,,,,,,,,,,,,,,,,,,,,,,,,,,,,,,,,,,,,,,,,,,,,,,,,,,,,,
Earthquake,1,TID_EARTHQUAKE,TID_EARTHQUAKE_INFO,,2,1,3,1,180,800,300,400,12,DarkElixir,6000,,,,,,,,,,29,,,,350,5,200,400,sc/ui.sc,icon_spell_earthquake,icon_spell_earthquake,Earthquake_Predeploy,EarthQuake_deploy_ground_0,,EarthQuake_deploy_0,,,TRUE,,,,1200,Mini Spell Factory,TID_INFO_TARGET_TYPE_BUILDINGS_AND_WALLS,Wall,5,,,,,,,,,,,,,,,,,,,,,,,,,,,,,,,,,,,,,,,,,,,,,,,,,,,,,,,,,,,,,,,TRUE,TRUE,,TRUE,,,,,,,SpellQuake,,,,,,,,
,2,,,,,6,,,,,,,24,,12000,,,,,,,,,,34,,,,380,,,400,,,,,EarthQuake_deploy_ground,,EarthQuake_deploy,,,,,,,1300,,,,,,,,,,,,,,,,,,,,,,,,,,,,,,,,,,,,,,,,,,,,,,,,,,,,,,,,,,,,,,,,,,,,,,,,,,,,,,,,,,,,,
,3,,,,,7,,,,,,,72,,25500,,,,,,,,,,42,,,,410,,,400,,,,,EarthQuake_deploy_ground_2,,EarthQuake_deploy_2,,,,,,,1400,,,,,,,,,,,,,,,,,,,,,,,,,,,,,,,,,,,,,,,,,,,,,,,,,,,,,,,,,,,,,,,,,,,,,,,,,,,,,,,,,,,,,
,4,,,,,8,,,,,,,84,,42000,,,,,,,,,,50,,,,440,,,400,,,,,EarthQuake_deploy_ground_3,,EarthQuake_deploy_3,,,,,,,1500,,,,,,,,,,,,,,,,,,,,,,,,,,,,,,,,,,,,,,,,,,,,,,,,,,,,,,,,,,,,,,,,,,,,,,,,,,,,,,,,,,,,,
,5,,,,,9,,,,,,,,,,,,,,,,,,,58,,,,470,,,400,,,,,EarthQuake_deploy_ground_4,,EarthQuake_deploy_4,,,,,,,1600,,,,,,,,,,,,,,,,,,,,,,,,,,,,,,,,,,,,,,,,,,,,,,,,,,,,,,,,,,,,,,,,,,,,,,,,,,,,,,,,,,,,,
SpeedUp,1,TID_SPEEDUP,TID_SPEEDUP_INFO,,3,1,3,1,180,800,300,400,24,DarkElixir,8000,1000,28,14,,,,,,,,,,,400,40,200,250,sc/ui.sc,icon_spell_speedup,icon_spell_speedup,speedup_Predeploy,Speedup_deploy_lvl1,,Speedup_deploy_top_lvl1,,,TRUE,,,,1200,Mini Spell Factory,TID_INFO_TARGET_TYPE_GROUND_AND_AIR,,,,,,,,,,,,,,,,,,,,,,,,,,,,,,,,,,,,,,,,,,,,,,,,,,,,,,,,,,,,,,,,,,,,,,,,,,,SpellBooster,,,,,,,,
,2,,,,,7,,,,,,,48,,17000,,34,17,,,,,,,,,,,,60,,,,,,,Speedup_deploy_lvl2,,Speedup_deploy_top_lvl2,,,,,,,1300,,,,,,,,,,,,,,,,,,,,,,,,,,,,,,,,,,,,,,,,,,,,,,,,,,,,,,,,,,,,,,,,,,,,,,,,,,,,,,,,,,,,,
,3,,,,,8,,,,,,,72,,30000,,40,20,,,,,,,,,,,,80,,,,,,,Speedup_deploy_lvl3,,Speedup_deploy_top_lvl3,,,,,,,1400,,,,,,,,,,,,,,,,,,,,,,,,,,,,,,,,,,,,,,,,,,,,,,,,,,,,,,,,,,,,,,,,,,,,,,,,,,,,,,,,,,,,,
,4,,,,,8,,,,,,,96,,38500,,46,23,,,,,,,,,,,,100,,,,,,,Speedup_deploy_lvl4,,Speedup_deploy_top_lvl4,,,,,,,1500,,,,,,,,,,,,,,,,,,,,,,,,,,,,,,,,,,,,,,,,,,,,,,,,,,,,,,,,,,,,,,,,,,,,,,,,,,,,,,,,,,,,,
,5,,,,,9,,,,,,,300,,200000,,52,26,,,,,,,,,,,,120,,,,,,,Speedup_deploy_lvl5,,Speedup_deploy_top_lvl5,,,,,,,1600,,,,,,,,,,,,,,,,,,,,,,,,,,,,,,,,,,,,,,,,,,,,,,,,,,,,,,,,,,,,,,,,,,,,,,,,,,,,,,,,,,,,,
,6,,,,,15,,,,,,,,,,,56,28,,,,,,,,,,,,120,,,,,,,Speedup_deploy_lvl5,,Speedup_deploy_top_lvl5,,,,,,,2200,,,,,,,,,,,,,,,,,,,,,,,,,,,,,,,,,,,,,,,,,,,,,,,,,,,,,,,,,,,,,,,,,,,,,,,,,,,,,,,,,,,,,
Shield,1,,,TRUE,,,,,,0,0,0,,,,,,,,,,,,,,,,,900,1,0,0,,,,,GrandWarden Shield,,,,,TRUE,,,,,,TID_PREFERRED_TARGET_ANY,,,,,,,,,,,,,,TRUE,,3000,100,,,,,,,,,,,,,,,,,,,,,,,,,,,,,,,,,,,,,,,,,,,,,,TRUE,,,,TRUE,TRUE,TRUE,TRUE,,,,,,,,,,,,,
,2,,,,,,,,,,,,,,,,,,,,,,,,,,,,,1,,,,,,,,,,,,,,,,,,,,,,,,,,,,,,,,,,3250,,,,,,,,,,,,,,,,,,,,,,,,,,,,,,,,,,,,,,,,,,,,,,,,,,,,,,,,,,,,,,,,,,,
,3,,,,,,,,,,,,,,,,,,,,,,,,,,,,,1,,,,,,,,,,,,,,,,,,,,,,,,,,,,,,,,,,4000,,,,,,,,,,,,,,,,,,,,,,,,,,,,,,,,,,,,,,,,,,,,,,,,,,,,,,,,,,,,,,,,,,,
,4,,,,,,,,,,,,,,,,,,,,,,,,,,,,,1,,,,,,,,,,,,,,,,,,,,,,,,,,,,,,,,,,4250,,,,,,,,,,,,,,,,,,,,,,,,,,,,,,,,,,,,,,,,,,,,,,,,,,,,,,,,,,,,,,,,,,,
,5,,,,,,,,,,,,,,,,,,,,,,,,,,,,,1,,,,,,,,,,,,,,,,,,,,,,,,,,,,,,,,,,4500,,,,,,,,,,,,,,,,,,,,,,,,,,,,,,,,,,,,,,,,,,,,,,,,,,,,,,,,,,,,,,,,,,,
,6,,,,,,,,,,,,,,,,,,,,,,,,,,,,,1,,,,,,,,,,,,,,,,,,,,,,,,,,,,,,,,,,5250,,,,,,,,,,,,,,,,,,,,,,,,,,,,,,,,,,,,,,,,,,,,,,,,,,,,,,,,,,,,,,,,,,,
,7,,,,,,,,,,,,,,,,,,,,,,,,,,,,,1,,,,,,,,,,,,,,,,,,,,,,,,,,,,,,,,,,5500,,,,,,,,,,,,,,,,,,,,,,,,,,,,,,,,,,,,,,,,,,,,,,,,,,,,,,,,,,,,,,,,,,,
,8,,,,,,,,,,,,,,,,,,,,,,,,,,,,,1,,,,,,,,,,,,,,,,,,,,,,,,,,,,,,,,,,5750,,,,,,,,,,,,,,,,,,,,,,,,,,,,,,,,,,,,,,,,,,,,,,,,,,,,,,,,,,,,,,,,,,,
,9,,,,,,,,,,,,,,,,,,,,,,,,,,,,,1,,,,,,,,,,,,,,,,,,,,,,,,,,,,,,,,,,6500,,,,,,,,,,,,,,,,,,,,,,,,,,,,,,,,,,,,,,,,,,,,,,,,,,,,,,,,,,,,,,,,,,,
,10,,,,,,,,,,,,,,,,,,,,,,,,,,,,,1,,,,,,,,,,,,,,,,,,,,,,,,,,,,,,,,,,6600,,,,,,,,,,,,,,,,,,,,,,,,,,,,,,,,,,,,,,,,,,,,,,,,,,,,,,,,,,,,,,,,,,,
,11,,,,,,,,,,,,,,,,,,,,,,,,,,,,,1,,,,,,,,,,,,,,,,,,,,,,,,,,,,,,,,,,6700,,,,,,,,,,,,,,,,,,,,,,,,,,,,,,,,,,,,,,,,,,,,,,,,,,,,,,,,,,,,,,,,,,,
,12,,,,,,,,,,,,,,,,,,,,,,,,,,,,,1,,,,,,,,,,,,,,,,,,,,,,,,,,,,,,,,,,7000,,,,,,,,,,,,,,,,,,,,,,,,,,,,,,,,,,,,,,,,,,,,,,,,,,,,,,,,,,,,,,,,,,,
,13,,,,,,,,,,,,,,,,,,,,,,,,,,,,,1,,,,,,,,,,,,,,,,,,,,,,,,,,,,,,,,,,7100,,,,,,,,,,,,,,,,,,,,,,,,,,,,,,,,,,,,,,,,,,,,,,,,,,,,,,,,,,,,,,,,,,,
,14,,,,,,,,,,,,,,,,,,,,,,,,,,,,,1,,,,,,,,,,,,,,,,,,,,,,,,,,,,,,,,,,7200,,,,,,,,,,,,,,,,,,,,,,,,,,,,,,,,,,,,,,,,,,,,,,,,,,,,,,,,,,,,,,,,,,,
,15,,,,,,,,,,,,,,,,,,,,,,,,,,,,,1,,,,,,,,,,,,,,,,,,,,,,,,,,,,,,,,,,7500,,,,,,,,,,,,,,,,,,,,,,,,,,,,,,,,,,,,,,,,,,,,,,,,,,,,,,,,,,,,,,,,,,,
,16,,,,,,,,,,,,,,,,,,,,,,,,,,,,,1,,,,,,,,,,,,,,,,,,,,,,,,,,,,,,,,,,7600,,,,,,,,,,,,,,,,,,,,,,,,,,,,,,,,,,,,,,,,,,,,,,,,,,,,,,,,,,,,,,,,,,,
,17,,,,,,,,,,,,,,,,,,,,,,,,,,,,,1,,,,,,,,,,,,,,,,,,,,,,,,,,,,,,,,,,7700,,,,,,,,,,,,,,,,,,,,,,,,,,,,,,,,,,,,,,,,,,,,,,,,,,,,,,,,,,,,,,,,,,,
,18,,,,,,,,,,,,,,,,,,,,,,,,,,,,,1,,,,,,,,,,,,,,,,,,,,,,,,,,,,,,,,,,8000,,,,,,,,,,,,,,,,,,,,,,,,,,,,,,,,,,,,,,,,,,,,,,,,,,,,,,,,,,,,,,,,,,,
Growth,1,,,TRUE,,,,,,0,0,300,,,,,,,,,,,0,,,,,,900,4000,200,300,,,,,Growth aura,,,,,TRUE,,,,,,TID_INFO_TARGET_TYPE_GROUND_AND_AIR,,,,,,400,0,510,,,,,,TRUE,,,,,Enemy growth aura,,,,,,,,,,,,,,,,,,,,,,,,,,,,,,,,,,,,,,,,,,,,,,,,,,,,,,,,,,,,,,,,
,2,,,,,,,,,,,,,,,,,,,,,,,,,,,,,,,,,,,,,,,,,,,,,,,,,,,,,500,0,600,,,,,,,,,,,,,,,,,,,,,,,,,,,,,,,,,,,,,,,,,,,,,,,,,,,,,,,,,,,,,,,,,,,,,,,,,,,
,3,,,,,,,,,,,,,,,,,,,,,,,,,,,,,,,,,,,,,,,,,,,,,,,,,,,,,600,0,690,,,,,,,,,,,,,,,,,,,,,,,,,,,,,,,,,,,,,,,,,,,,,,,,,,,,,,,,,,,,,,,,,,,,,,,,,,,
,4,,,,,,,,,,,,,,,,,,,,,,,,,,,,,,,,,,,,,,,,,,,,,,,,,,,,,700,0,780,,,,,,,,,,,,,,,,,,,,,,,,,,,,,,,,,,,,,,,,,,,,,,,,,,,,,,,,,,,,,,,,,,,,,,,,,,,
,5,,,,,,,,,,,,,,,,,,,,,,,,,,,,,,,,,,,,,,,,,,,,,,,,,,,,,800,0,870,,,,,,,,,,,,,,,,,,,,,,,,,,,,,,,,,,,,,,,,,,,,,,,,,,,,,,,,,,,,,,,,,,,,,,,,,,,
,6,,,,,,,,,,,,,,,,,,,,,,,,,,,,,,,,,,,,,,,,,,,,,,,,,,,,,900,0,960,,,,,,,,,,,,,,,,,,,,,,,,,,,,,,,,,,,,,,,,,,,,,,,,,,,,,,,,,,,,,,,,,,,,,,,,,,,
,7,,,,,,,,,,,,,,,,,,,,,,,,,,,,,,,,,,,,,,,,,,,,,,,,,,,,,1000,0,1050,,,,,,,,,,,,,,,,,,,,,,,,,,,,,,,,,,,,,,,,,,,,,,,,,,,,,,,,,,,,,,,,,,,,,,,,,,,
Artillery Center,1,,,TRUE,,,,,,,,,,,,,,,,,,,225,,,,,,75,1,0,150,,,,,,,,,Artillery Hit,FALSE,,,,,,,,,,,,,,,,,,,,,,,,,,,,,,,,,,,,,,,,,,,,,,,,,,,,,,,,,,,,,,,,,,,,,,,,,,,,,,,,,,,,,,,,,
,2,,,,,,,,,,,,,,,,,,,,,,250,,,,,,,,,,,,,,,,,,,,,,,,,,,,,,,,,,,,,,,,,,,,,,,,,,,,,,,,,,,,,,,,,,,,,,,,,,,,,,,,,,,,,,,,,,,,,,,,,,,,,,,,,,,,
,3,,,,,,,,,,,,,,,,,,,,,,275,,,,,,,,,,,,,,,,,,,,,,,,,,,,,,,,,,,,,,,,,,,,,,,,,,,,,,,,,,,,,,,,,,,,,,,,,,,,,,,,,,,,,,,,,,,,,,,,,,,,,,,,,,,,
,4,,,,,,,,,,,,,,,,,,,,,,350,,,,,,,,,,,,,,,,,,,,,,,,,,,,,,,,,,,,,,,,,,,,,,,,,,,,,,,,,,,,,,,,,,,,,,,,,,,,,,,,,,,,,,,,,,,,,,,,,,,,,,,,,,,,
,5,,,,,,,,,,,,,,,,,,,,,,425,,,,,,,,,,,,,,,,,,,,,,,,,,,,,,,,,,,,,,,,,,,,,,,,,,,,,,,,,,,,,,,,,,,,,,,,,,,,,,,,,,,,,,,,,,,,,,,,,,,,,,,,,,,,
,6,,,,,,,,,,,,,,,,,,,,,,475,,,,,,,,,,,,,,,,,,,,,,,,,,,,,,,,,,,,,,,,,,,,,,,,,,,,,,,,,,,,,,,,,,,,,,,,,,,,,,,,,,,,,,,,,,,,,,,,,,,,,,,,,,,,
,7,,,,,,,,,,,,,,,,,,,,,,525,,,,,,,,,,,,,,,,,,,,,,,,,,,,,,,,,,,,,,,,,,,,,,,,,,,,,,,,,,,,,,,,,,,,,,,,,,,,,,,,,,,,,,,,,,,,,,,,,,,,,,,,,,,,
MiniGrowth,1,,,TRUE,,,,,,0,0,300,,,,,,,,,,,,,,,,,350,40,200,300,,,,,Toxic deploy ground,,,,,TRUE,,,,,,,,,,,,10,0,50,,,,,,,,,,,,,,,,,,,,,,,,,,,,,,,,,,,,,,,,,,,,,,,,,,,,,,,,,,,,,,,,,,,,,,,,,,,
Duplicate,1,TID_DUPLICATE_SPELL,TID_DUPLICATE_SPELL_INFO,,5,1,9,3,540,800,300,400,24,Elixir,1500000,,,,,,,,,,,,,,350,60,200,300,sc/ui.sc,icon_spell_clone,icon_spell_clone,Clone_Predeploy,Clone deploy,,Clone deploy top,,,TRUE,,,,1200,Spell Forge,TID_INFO_TARGET_TYPE_GROUND_AND_AIR,,,,,,,,,,,,,,,,,,,,,22,30000,,,,,,,,,,,,,,,,,,,,,,,,,,,,,,,,,,,,,,,,,,,,,,,,,,,,,SpellBooster,,,,,,,,
,2,,,,,8,,,,,,,48,,2500000,,,,,,,,,,,,,,,,,300,,,,,,,,,,,,,,1300,,,,,,,,,,,,,,,,,,,,,,,24,,,,,,,,,,,,,,,,,,,,,,,,,,,,,,,,,,,,,,,,,,,,,,,,,,,,,,,,,,,,,,
,3,,,,,8,,,,,,,54,,3000000,,,,,,,,,,,,,,,,,300,,,,,,,,,,,,,,1400,,,,,,,,,,,,,,,,,,,,,,,26,,,,,,,,,,,,,,,,,,,,,,,,,,,,,,,,,,,,,,,,,,,,,,,,,,,,,,,,,,,,,,
,4,,,,,9,,,,,,,60,,4000000,,,,,,,,,,,,,,,,,300,,,,,,,,,,,,,,1500,,,,,,,,,,,,,,,,,,,,,,,28,,,,,,,,,,,,,,,,,,,,,,,,,,,,,,,,,,,,,,,,,,,,,,,,,,,,,,,,,,,,,,
,5,,,,,9,,,,,,,96,,5000000,,,,,,,,,,,,,,,,,300,,,,,,,,,,,,,,1600,,,,,,,,,,,,,,,,,,,,,,,30,,,,,,,,,,,,,,,,,,,,,,,,,,,,,,,,,,,,,,,,,,,,,,,,,,,,,,,,,,,,,,
,6,,,,,11,,,,,,,120,,8000000,,,,,,,,,,,,,,,,,300,,,,,,,,,,,,,,1800,,,,,,,,,,,,,,,,,,,,,,,34,,,,,,,,,,,,,,,,,,,,,,,,,,,,,,,,,,,,,,,,,,,,,,,,,,,,,,,,,,,,,,
,7,,,,,12,,,,,,,168,,9000000,,,,,,,,,,,,,,,,,300,,,,,,,,,,,,,,1900,,,,,,,,,,,,,,,,,,,,,,,38,,,,,,,,,,,,,,,,,,,,,,,,,,,,,,,,,,,,,,,,,,,,,,,,,,,,,,,,,,,,,,
,8,,,,,13,,,,,,,,,,,,,,,,,,,,,,,,,,300,,,,,,,,,,,,,,2000,,,,,,,,,,,,,,,,,,,,,,,42,,,,,,,,,,,,,,,,,,,,,,,,,,,,,,,,,,,,,,,,,,,,,,,,,,,,,,,,,,,,,,
SpawnSkele,1,TID_CREATE_SKELETONS_SPELL,TID_CREATE_SKELETONS_SPELL_INFO,,4,1,3,1,180,800,0,0,24,DarkElixir,11000,,,,,,,,,,,,,,225,1,200,300,sc/ui.sc,icon_spell_skeleton,icon_spell_skeleton,skele_Predeploy,SkeleSpell Summon1,,,,,,,,,1200,Mini Spell Factory,TID_INFO_TARGET_TYPE_GROUND,,,,,,,,,,,,,,,,,,,,,,,ShieldedSkeleton,12,1,,,12000,3,,,,,,,,,,,,,,,,,,,,,,,,,,,,,,,,,,,,,,,,,,,,,,SpellSkeleton,,,,,,,,
,2,,,,,8,,,,,,,36,,17000,,,,,,,,,,,,,,,,,,,,,,SkeleSpell Summon2,,,,,,,,,1300,,,,,,,,,,,,,,,,,,,,,,,,,,13,,,,13000,,,,,,,,,,,,,,,,,,,,,,,,,,,,,,,,,,,,,,,,,,,,,,,,,,,,,,,
,3,,,,,8,,,,,,,54,,25000,,,,,,,,,,,,,,,,,,,,,,SkeleSpell Summon3,,,,,,,,,1400,,,,,,,,,,,,,,,,,,,,,,,,,,14,,,,14000,,,,,,,,,,,,,,,,,,,,,,,,,,,,,,,,,,,,,,,,,,,,,,,,,,,,,,,
,4,,,,,9,,,,,,,72,,40000,,,,,,,,,,,,,,,,,,,,,,SkeleSpell Summon4,,,,,,,,,1500,,,,,,,,,,,,,,,,,,,,,,,,,,15,,,,15000,,,,,,,,,,,,,,,,,,,,,,,,,,,,,,,,,,,,,,,,,,,,,,,,,,,,,,,
,5,,,,,10,,,,,,,96,,50000,,,,,,,,,,,,,,,,,,,,,,SkeleSpell Summon5,,,,,,,,,1600,,,,,,,,,,,,,,,,,,,,,,,,,,16,,,,16000,,,,,,,,,,,,,,,,,,,,,,,,,,,,,,,,,,,,,,,,,,,,,,,,,,,,,,,
,6,,,,,10,,,,,,,120,,75000,,,,,,,,,,,,,,,,,,,,,,SkeleSpell Summon6,,,,,,,,,1700,,,,,,,,,,,,,,,,,,,,,,,,,,17,,,,17000,,,,,,,,,,,,,,,,,,,,,,,,,,,,,,,,,,,,,,,,,,,,,,,,,,,,,,,
,7,,,,,11,,,,,,,172,,135000,,,,,,,,,,,,,,,,,,,,,,SkeleSpell Summon7,,,,,,,,,1800,,,,,,,,,,,,,,,,,,,,,,,,,,18,,,,18000,,,,,,,,,,,,,,,,,,,,,,,,,,,,,,,,,,,,,,,,,,,,,,,,,,,,,,,
,8,,,,,13,,,,,,,,,,,,,,,,,,,,,,,,,,,,,,,SkeleSpell Summon8,,,,,,,,,2000,,,,,,,,,,,,,,,,,,,,,,,,,,19,,,,19000,,,,,,,,,,,,,,,,,,,,,,,,,,,,,,,,,,,,,,,,,,,,,,,,,,,,,,,
FreezeTrap,1,,,TRUE,,,,,,0,300,10,,,,,,,,,,,,,,,,,350,1,400,0,,,,,Freeze deploy lvl1,,Freeze deploy2 lvl1,,,TRUE,5000,,,,,,,,,,,,,,,,,,,,,,,,,,,,,,,,,,,,TRUE,TRUE,TRUE,,,,,,4500,,,,,,,,,,,,,,,,,,,,,,,,TRUE,,,,,,,,,,,,,,,,,,,,
Mortar2Poison,1,,,TRUE,,,,,,0,300,500,,,,500,,,,,,,6,,,,,,250,50,0,400,,,,,Multi Mortar Ground Effects,,Multi Mortar Area Effects,,,TRUE,,,,,,,,,,,,,,,,,,,,,,,,,,,,,,,,,,,,,,,,1,,,,,,,,,,,,,,,,,,,,,,,,,,,,,TRUE,TRUE,,,TRUE,TRUE,TRUE,TRUE,,,,,,,,,,,,,
,2,,,,,,,,,,,,,,,,,,,,,,7,,,,,,,,,,,,,,,,,,,,,,,,,,,,,,,,,,,,,,,,,,,,,,,,,,,,,,,,,,,,,,,,,,,,,,,,,,,,,,,,,,,,,,,,,,,,,,,,,,,,,,,,,,,,
,3,,,,,,,,,,,,,,,,,,,,,,8,,,,,,,,,,,,,,,,,,,,,,,,,,,,,,,,,,,,,,,,,,,,,,,,,,,,,,,,,,,,,,,,,,,,,,,,,,,,,,,,,,,,,,,,,,,,,,,,,,,,,,,,,,,,
,4,,,,,,,,,,,,,,,,,,,,,,9,,,,,,,,,,,,,,,,,,,,,,,,,,,,,,,,,,,,,,,,,,,,,,,,,,,,,,,,,,,,,,,,,,,,,,,,,,,,,,,,,,,,,,,,,,,,,,,,,,,,,,,,,,,,
,5,,,,,,,,,,,,,,,,,,,,,,10,,,,,,,,,,,,,,,,,,,,,,,,,,,,,,,,,,,,,,,,,,,,,,,,,,,,,,,,,,,,,,,,,,,,,,,,,,,,,,,,,,,,,,,,,,,,,,,,,,,,,,,,,,,,
,6,,,,,,,,,,,,,,,,,,,,,,11,,,,,,,,,,,,,,,,,,,,,,,,,,,,,,,,,,,,,,,,,,,,,,,,,,,,,,,,,,,,,,,,,,,,,,,,,,,,,,,,,,,,,,,,,,,,,,,,,,,,,,,,,,,,
,7,,,,,,,,,,,,,,,,,,,,,,12,,,,,,,,,,,,,,,,,,,,,,,,,,,,,,,,,,,,,,,,,,,,,,,,,,,,,,,,,,,,,,,,,,,,,,,,,,,,,,,,,,,,,,,,,,,,,,,,,,,,,,,,,,,,
,8,,,,,,,,,,,,,,,,,,,,,,13,,,,,,,,,,,,,,,,,,,,,,,,,,,,,,,,,,,,,,,,,,,,,,,,,,,,,,,,,,,,,,,,,,,,,,,,,,,,,,,,,,,,,,,,,,,,,,,,,,,,,,,,,,,,
,9,,,,,,,,,,,,,,,,,,,,,,14,,,,,,,,,,,,,,,,,,,,,,,,,,,,,,,,,,,,,,,,,,,,,,,,,,,,,,,,,,,,,,,,,,,,,,,,,,,,,,,,,,,,,,,,,,,,,,,,,,,,,,,,,,,,
,10,,,,,,,,,,,,,,,,,,,,,,15,,,,,,,,,,,,,,,,,,,,,,,,,,,,,,,,,,,,,,,,,,,,,,,,,,,,,,,,,,,,,,,,,,,,,,,,,,,,,,,,,,,,,,,,,,,,,,,,,,,,,,,,,,,,
TroopRage,1,,,TRUE,,,,,,,0,0,,,,6000,16,16,,,70,,,,,,,,,1,,0,,,,,,,,,,,,,,,,,,,,,,,,,,,,,,,,,,,,,,,,,,,,,,,,,,,,,,,,,,,,,,,,,,,,,,,,,,,,,,,,,,,,,,,,,,,,,,,,,,,
,2,,,,,,,,,,,,,,,8000,,,,,,,,,,,,,,,,,,,,,,,,,,,,,,,,,,,,,,,,,,,,,,,,,,,,,,,,,,,,,,,,,,,,,,,,,,,,,,,,,,,,,,,,,,,,,,,,,,,,,,,,,,,,,,,,,,,
,3,,,,,,,,,,,,,,,10000,,,,,,,,,,,,,,,,,,,,,,,,,,,,,,,,,,,,,,,,,,,,,,,,,,,,,,,,,,,,,,,,,,,,,,,,,,,,,,,,,,,,,,,,,,,,,,,,,,,,,,,,,,,,,,,,,,,
,4,,,,,,,,,,,,,,,12000,,,,,,,,,,,,,,,,,,,,,,,,,,,,,,,,,,,,,,,,,,,,,,,,,,,,,,,,,,,,,,,,,,,,,,,,,,,,,,,,,,,,,,,,,,,,,,,,,,,,,,,,,,,,,,,,,,,
,5,,,,,,,,,,,,,,,14000,,,,,,,,,,,,,,,,,,,,,,,,,,,,,,,,,,,,,,,,,,,,,,,,,,,,,,,,,,,,,,,,,,,,,,,,,,,,,,,,,,,,,,,,,,,,,,,,,,,,,,,,,,,,,,,,,,,
,6,,,,,,,,,,,,,,,16000,,,,,,,,,,,,,,,,,,,,,,,,,,,,,,,,,,,,,,,,,,,,,,,,,,,,,,,,,,,,,,,,,,,,,,,,,,,,,,,,,,,,,,,,,,,,,,,,,,,,,,,,,,,,,,,,,,,
,7,,,,,,,,,,,,,,,18000,,,,,,,,,,,,,,,,,,,,,,,,,,,,,,,,,,,,,,,,,,,,,,,,,,,,,,,,,,,,,,,,,,,,,,,,,,,,,,,,,,,,,,,,,,,,,,,,,,,,,,,,,,,,,,,,,,,
,8,,,,,,,,,,,,,,,20000,,,,,,,,,,,,,,,,,,,,,,,,,,,,,,,,,,,,,,,,,,,,,,,,,,,,,,,,,,,,,,,,,,,,,,,,,,,,,,,,,,,,,,,,,,,,,,,,,,,,,,,,,,,,,,,,,,,
,9,,,,,,,,,,,,,,,22000,,,,,,,,,,,,,,,,,,,,,,,,,,,,,,,,,,,,,,,,,,,,,,,,,,,,,,,,,,,,,,,,,,,,,,,,,,,,,,,,,,,,,,,,,,,,,,,,,,,,,,,,,,,,,,,,,,,
ShrinkTrap,1,,,TRUE,,,,,,0,300,1000,,,,,,0,,,,,,,,,,,400,75,400,250,,,,,Shrink deploy,,,,,TRUE,,,,,,,,,,,,,,,,,,,,,,,,,,,,,,,,-50,50,,,,,TRUE,,,,,,,,,,,,,,,,,,,,,,,,,,,,,,,TRUE,,,,,,,,,,,,,,,,,,,,
Birthday2017,1,TID_BIRTHDAY_SPELL,TID_BIRTHDAY_SPELL_INFO,,1,1,,2,360,0,150,1750,,Elixir,,,,0,,,,,500,,,,,,250,1,0,0,sc/ui.sc,icon_spell_birthday,icon_spell_birthday,Birthday predeploy,BirthdaySpell Summon2,,BirthdaySpell Summon1,Birthday Hit,Birthday Spell Hit,FALSE,,Birthday TombStone,3,,Spell Forge,TID_INFO_TARGET_TYPE_GROUND_AND_AIR,,,,,,,,,,,,,,,,,,,,,,,,,,,,,,70,TRUE,TRUE,TRUE,,2000,,,,,,,,,,,,,,,,,,,,,,,,,,,,,,,,,,,,,,,,,,,,,,,,
IceGolemFreeze,1,,,TRUE,,,,,,0,300,400,,,,,,0,,,,,,,,,,,750,1,0,0,,,,,IceGolem Freeze deploy lvl1,,IceGolem Freeze deploy2 lvl1,,,TRUE,4000,,,,,,,,,,,,,,,,,,,,,,,,,,,,,,,,,,,,,,,,,,,,3000,,,,,,,,,,,,,,,,,,,,,,,,TRUE,,,,,,,,,,,,,,,,,,,,
,2,,,,,,,,,,,,,,,,,0,,,,,,,,,,,750,1,0,0,,,,,IceGolem Freeze deploy lvl2,,IceGolem Freeze deploy2 lvl2,,,,4750,,,,,,,,,,,,,,,,,,,,,,,,,,,,,,,,,,,,,,,,,,,,3563,,,,,,,,,,,,,,,,,,,,,,,,,,,,,,,,,,,,,,,,,,,,
,3,,,,,,,,,,,,,,,,,0,,,,,,,,,,,750,1,0,0,,,,,IceGolem Freeze deploy lvl3,,IceGolem Freeze deploy2 lvl3,,,,5500,,,,,,,,,,,,,,,,,,,,,,,,,,,,,,,,,,,,,,,,,,,,4125,,,,,,,,,,,,,,,,,,,,,,,,,,,,,,,,,,,,,,,,,,,,
,4,,,,,,,,,,,,,,,,,0,,,,,,,,,,,750,1,0,0,,,,,IceGolem Freeze deploy lvl4,,IceGolem Freeze deploy2 lvl4,,,,6250,,,,,,,,,,,,,,,,,,,,,,,,,,,,,,,,,,,,,,,,,,,,4688,,,,,,,,,,,,,,,,,,,,,,,,,,,,,,,,,,,,,,,,,,,,
,5,,,,,,,,,,,,,,,,,0,,,,,,,,,,,750,1,0,0,,,,,IceGolem Freeze deploy lvl5,,IceGolem Freeze deploy2 lvl5,,,,7000,,,,,,,,,,,,,,,,,,,,,,,,,,,,,,,,,,,,,,,,,,,,5250,,,,,,,,,,,,,,,,,,,,,,,,,,,,,,,,,,,,,,,,,,,,
,6,,,,,,,,,,,,,,,,,0,,,,,,,,,,,750,1,0,0,,,,,IceGolem Freeze deploy lvl6,,IceGolem Freeze deploy2 lvl6,,,,7500,,,,,,,,,,,,,,,,,,,,,,,,,,,,,,,,,,,,,,,,,,,,5625,,,,,,,,,,,,,,,,,,,,,,,,,,,,,,,,,,,,,,,,,,,,
,7,,,,,,,,,,,,,,,,,0,,,,,,,,,,,750,1,0,0,,,,,IceGolem Freeze deploy lvl7,,IceGolem Freeze deploy2 lvl7,,,,8000,,,,,,,,,,,,,,,,,,,,,,,,,,,,,,,,,,,,,,,,,,,,5950,,,,,,,,,,,,,,,,,,,,,,,,,,,,,,,,,,,,,,,,,,,,
,8,,,,,,,,,,,,,,,,,0,,,,,,,,,,,750,1,0,0,,,,,IceGolem Freeze deploy lvl8,,IceGolem Freeze deploy2 lvl8,,,,8500,,,,,,,,,,,,,,,,,,,,,,,,,,,,,,,,,,,,,,,,,,,,6275,,,,,,,,,,,,,,,,,,,,,,,,,,,,,,,,,,,,,,,,,,,,
,9,,,,,,,,,,,,,,,,,0,,,,,,,,,,,750,1,0,0,,,,,IceGolem Freeze deploy lvl9,,IceGolem Freeze deploy2 lvl9,,,,9000,,,,,,,,,,,,,,,,,,,,,,,,,,,,,,,,,,,,,,,,,,,,6500,,,,,,,,,,,,,,,,,,,,,,,,,,,,,,,,,,,,,,,,,,,,
ElectroDragonDie,1,,,TRUE,,,,,,800,1000,1100,,,,,,,,,,,50,,,,,,200,6,250,400,,,,,Lightning area,,,Lightning Spell,Lightning Spell Hit,FALSE,,,,,,,,,,,,,,,,,,,,,,,,,,,,,,,,,,,,,,,,,,,,,,,,,,,,,,,,,,,,,,,,,,,,,,,,,,,,,,,,,,,,,,,,,
,2,,,,,,,,,,,,,,,,,,,,,,55,,,,,,200,6,250,400,,,,,,,,,,,,,,,,,,,,,,,,,,,,,,,,,,,,,,,,,,,,,,,,,,,,,,,,,,,,,,,,,,,,,,,,,,,,,,,,,,,,,,,,,,,,,,,,,,,
,3,,,,,,,,,,,,,,,,,,,,,,60,,,,,,200,6,250,400,,,,,,,,,,,,,,,,,,,,,,,,,,,,,,,,,,,,,,,,,,,,,,,,,,,,,,,,,,,,,,,,,,,,,,,,,,,,,,,,,,,,,,,,,,,,,,,,,,,
,4,,,,,,,,,,,,,,,,,,,,,,65,,,,,,200,6,250,400,,,,,,,,,,,,,,,,,,,,,,,,,,,,,,,,,,,,,,,,,,,,,,,,,,,,,,,,,,,,,,,,,,,,,,,,,,,,,,,,,,,,,,,,,,,,,,,,,,,
,5,,,,,,,,,,,,,,,,,,,,,,75,,,,,,200,6,250,400,,,,,,,,,,,,,,,,,,,,,,,,,,,,,,,,,,,,,,,,,,,,,,,,,,,,,,,,,,,,,,,,,,,,,,,,,,,,,,,,,,,,,,,,,,,,,,,,,,,
,6,,,,,,,,,,,,,,,,,,,,,,85,,,,,,200,6,250,400,,,,,,,,,,,,,,,,,,,,,,,,,,,,,,,,,,,,,,,,,,,,,,,,,,,,,,,,,,,,,,,,,,,,,,,,,,,,,,,,,,,,,,,,,,,,,,,,,,,
,7,,,,,,,,,,,,,,,,,,,,,,95,,,,,,200,6,250,400,,,,,,,,,,,,,,,,,,,,,,,,,,,,,,,,,,,,,,,,,,,,,,,,,,,,,,,,,,,,,,,,,,,,,,,,,,,,,,,,,,,,,,,,,,,,,,,,,,,
,8,,,,,,,,,,,,,,,,,,,,,,105,,,,,,200,6,250,400,,,,,,,,,,,,,,,,,,,,,,,,,,,,,,,,,,,,,,,,,,,,,,,,,,,,,,,,,,,,,,,,,,,,,,,,,,,,,,,,,,,,,,,,,,,,,,,,,,,
,9,,,,,,,,,,,,,,,,,,,,,,115,,,,,,200,6,250,400,,,,,,,,,,,,,,,,,,,,,,,,,,,,,,,,,,,,,,,,,,,,,,,,,,,,,,,,,,,,,,,,,,,,,,,,,,,,,,,,,,,,,,,,,,,,,,,,,,,
,10,,,,,,,,,,,,,,,,,,,,,,125,,,,,,200,6,250,400,,,,,,,,,,,,,,,,,,,,,,,,,,,,,,,,,,,,,,,,,,,,,,,,,,,,,,,,,,,,,,,,,,,,,,,,,,,,,,,,,,,,,,,,,,,,,,,,,,,
,11,,,,,,,,,,,,,,,,,,,,,,135,,,,,,200,6,250,400,,,,,,,,,,,,,,,,,,,,,,,,,,,,,,,,,,,,,,,,,,,,,,,,,,,,,,,,,,,,,,,,,,,,,,,,,,,,,,,,,,,,,,,,,,,,,,,,,,,
TornadoTrap,1,,,TRUE,,,,,,0,300,375,,,,,,,,,,,1,,,,,,400,39,200,128,,,,,Tornado deploy1,,,,,TRUE,,,,,,,,,,,,,,,,,,,,,,,,,,,,,,,,,,,,,,,,,,,,,,,,,,,,,400,300,200,100,100,500,400,300,200,150,-180,75,70,100,65,,,,,,,,,,,,,,,,,,,,,,
,2,,,,,,,,,,,,,,,,,,,,,,1,,,,,,,47,,,,,,,Tornado deploy2,,,,,,,,,,,,,,,,,,,,,,,,,,,,,,,,,,,,,,,,,,,,,,,,,,,,,,,,,,400,300,200,100,100,500,400,300,200,150,-180,75,70,100,65,,,,,,,,,,,,,,,,,,,,,,
,3,,,,,,,,,,,,,,,,,,,,,,1,,,,,,,55,,,,,,,Tornado deploy3,,,,,,,,,,,,,,,,,,,,,,,,,,,,,,,,,,,,,,,,,,,,,,,,,,,,,,,,,,400,300,200,100,100,500,400,300,200,150,-180,75,70,100,65,,,,,,,,,,,,,,,,,,,,,,
TroopHaste,1,,,TRUE,,,,,,800,300,400,,,,4000,52,26,,,,,,,,,,,400,1,200,250,,,,speedup_Predeploy,Speedup_deploy_lvl1,,Speedup_deploy_top_lvl1,,,TRUE,,,,,,,,,,,,,,,,,,,,,,,,,,,,,,,,,,,,,,,,,,,,,,,,,,,,,,,,,,,,,,,,,,,,,,,,,,,,,,,,,,,,,,,,,
ProtoSpell2,1,TID_LIGHTNING_STORM,TID_LIGHTNING_STORM_INFO,TRUE,5,1,,3,360,800,300,400,72,Elixir,4000000,,,,,,,,,,,,,,500,1,200,300,sc/ui.sc,icon_spell_lightning,icon_spell_lightning,Heal predeploy,GrandWarden Shield,,Heal area top,,Heal spell,TRUE,,,,,Spell Forge,TID_INFO_TARGET_TYPE_GROUND_AND_AIR,,,,,,,,,,,,,,,,,,,,,,,,,,,,,,,,,,,,,,,,,,,,,,,,,,,,,,,,,,,,,,,,,,,,,,,,,,,,,,,,,,,
,2,,,,,9,,,,,,,96,,6000000,,,,,,,,,,,,,,,,,,,,,,,,,,,,,,,,,,,,,,,,,,,,,,,,,,,,,,,,,,,,,,,,,,,,,,,,,,,,,,,,,,,,,,,,,,,,,,,,,,,,,,,,,,,,,,,,,,,,
,3,,,,,9,,,,,,,156,,9000000,,,,,,,,,,,,,,,,,,,,,,,,,,,,,,,,,,,,,,,,,,,,,,,,,,,,,,,,,,,,,,,,,,,,,,,,,,,,,,,,,,,,,,,,,,,,,,,,,,,,,,,,,,,,,,,,,,,,
,4,,,,,10,,,,,,,336,,12000000,,,,,,,,,,,,,,,,,,,,,,,,,,,,,,,,,,,,,,,,,,,,,,,,,,,,,,,,,,,,,,,,,,,,,,,,,,,,,,,,,,,,,,,,,,,,,,,,,,,,,,,,,,,,,,,,,,,,
,5,,,,,10,,,,,,,,,,,,,,,,,,,,,,,,,,,,,,,,,,,,,,,,,,,,,,,,,,,,,,,,,,,,,,,,,,,,,,,,,,,,,,,,,,,,,,,,,,,,,,,,,,,,,,,,,,,,,,,,,,,,,,,,,,,,,
SpawnBats,1,TID_SPELL_BATS,TID_SPELL_BATS_INFO,,5,1,3,1,180,800,0,0,24,DarkElixir,13000,0,0,0,,,,,0,,,,,,225,1,200,300,sc/ui.sc,icon_spell_bats,icon_spell_bats,bat_Predeploy,BatSpell Summon1,,,,,,,,,1300,Mini Spell Factory,TID_BUILDING_CLASS_DEFENSE,,,,,,,,,,,,,,,,,,,,,,,SpellBat,7,1,,,4200,1,,,,,,,,,,,,,,,,,,,,,,,,,,,,,,,,,,,,,,,,,,,,,,SpellBat,,,,,,,,
,2,,,,,8,,,,,,,48,,25500,,,,,,,,,,,,,,,,,,,,,,BatSpell Summon2,,,,,,,,,1400,,,,,,,,,,,,,,,,,,,,,,,,,,9,,,,5400,,,,,,,,,,,,,,,,,,,,,,,,,,,,,,,,,,,,,,,,,,,,,,,,,,,,,,,
,3,,,,,8,,,,,,,54,,35000,,,,,,,,,,,,,,,,,,,,,,BatSpell Summon3,,,,,,,,,1500,,,,,,,,,,,,,,,,,,,,,,,,,,11,,,,6600,,,,,,,,,,,,,,,,,,,,,,,,,,,,,,,,,,,,,,,,,,,,,,,,,,,,,,,
,4,,,,,9,,,,,,,96,,47500,,,,,,,,,,,,,,,,,,,,,,BatSpell Summon4,,,,,,,,,1600,,,,,,,,,,,,,,,,,,,,,,,,,,16,,,,9600,,,,,,,,,,,,,,,,,,,,,,,,,,,,,,,,,,,,,,,,,,,,,,,,,,,,,,,
,5,,,,,10,,,,,,,172,,140000,,,,,,,,,,,,,,,,,,,,,,BatSpell Summon5,,,,,,,,,1700,,,,,,,,,,,,,,,,,,,,,,,,,,21,,,,12600,,,,,,,,,,,,,,,,,,,,,,,,,,,,,,,,,,,,,,,,,,,,,,,,,,,,,,,
,6,,,,,13,,,,,,,312,,260000,,,,,,,,,,,,,,,,,,,,,,BatSpell Summon6,,,,,,,,,2000,,,,,,,,,,,,,,,,,,,,,,,,,,22,,,,13200,,,,,,,,,,,,,,,,,,,,,,,,,,,,,,,,,,,,,,,,,,,,,,,,,,,,,,,
,7,,,,,15,,,,,,,,,,,,,,,,,,,,,,,,,,,,,,,BatSpell Summon7,,,,,,,,,2200,,,,,,,,,,,,,,,,,,,,,,,,,,23,,,,13800,,,,,,,,,,,,,,,,,,,,,,,,,,,,,,,,,,,,,,,,,,,,,,,,,,,,,,,
IceGolemFreeze_DEF,1,,,TRUE,,,,,,0,300,400,,,,,,,,,,,,,,,,,550,1,0,0,,,,,IceGolem Freeze deploy lvl1_DEF,,IceGolem Freeze deploy2 lvl1_DEF,,,TRUE,2000,,,,,,,,,,,,,,,,,,,,,,,,,,,,,,,,,,,,,,,,,,,,1650,,,,,,,,,,,,,,,,,,,,,,,,TRUE,,,,,,,,,,,,,,,,,,,,
,2,,,,,,,,,,,,,,,,,,,,,,,,,,,,550,1,0,0,,,,,IceGolem Freeze deploy lvl2_DEF,,IceGolem Freeze deploy2 lvl2_DEF,,,,2250,,,,,,,,,,,,,,,,,,,,,,,,,,,,,,,,,,,,,,,,,,,,1856,,,,,,,,,,,,,,,,,,,,,,,,,,,,,,,,,,,,,,,,,,,,
,3,,,,,,,,,,,,,,,,,,,,,,,,,,,,550,1,0,0,,,,,IceGolem Freeze deploy lvl3_DEF,,IceGolem Freeze deploy2 lvl3_DEF,,,,2500,,,,,,,,,,,,,,,,,,,,,,,,,,,,,,,,,,,,,,,,,,,,2063,,,,,,,,,,,,,,,,,,,,,,,,,,,,,,,,,,,,,,,,,,,,
,4,,,,,,,,,,,,,,,,,,,,,,,,,,,,550,1,0,0,,,,,IceGolem Freeze deploy lvl4_DEF,,IceGolem Freeze deploy2 lvl4_DEF,,,,2750,,,,,,,,,,,,,,,,,,,,,,,,,,,,,,,,,,,,,,,,,,,,2269,,,,,,,,,,,,,,,,,,,,,,,,,,,,,,,,,,,,,,,,,,,,
,5,,,,,,,,,,,,,,,,,,,,,,,,,,,,550,1,0,0,,,,,IceGolem Freeze deploy lvl5_DEF,,IceGolem Freeze deploy2 lvl5_DEF,,,,3000,,,,,,,,,,,,,,,,,,,,,,,,,,,,,,,,,,,,,,,,,,,,2475,,,,,,,,,,,,,,,,,,,,,,,,,,,,,,,,,,,,,,,,,,,,
,6,,,,,,,,,,,,,,,,,,,,,,,,,,,,550,1,0,0,,,,,IceGolem Freeze deploy lvl6_DEF,,IceGolem Freeze deploy2 lvl6_DEF,,,,3250,,,,,,,,,,,,,,,,,,,,,,,,,,,,,,,,,,,,,,,,,,,,2681,,,,,,,,,,,,,,,,,,,,,,,,,,,,,,,,,,,,,,,,,,,,
IceBreakerSplinters,1,,,TRUE,,,,,,0,0,0,,,,,,,,,,,300,,,,,,500,1,0,0,,,,,,,,,Ice Breaker Hit lvl1,TRUE,,,,,,,,,,,,,,,,,,,,,,,,,,,,,,,,,,,,,,,,,,,,,,90,,100,100,,,,,,,,,,,,,,,,,,,,TRUE,,,,,,,,,,,,,,,,,,,,
,2,,,,,,,,,,,,,,,,,,,,,,360,,,,,,,,,,,,,,,,,,,,,,,,,,,,,,,,,,,,,,,,,,,,,,,,,,,,,,,,,,,,,,,,,,,,120,,,,,,,,,,,,,,,,,,,,,,,,,,,,,,,,,,,,,,,,
,3,,,,,,,,,,,,,,,,,,,,,,420,,,,,,,,,,,,,,,,,,,,,,,,,,,,,,,,,,,,,,,,,,,,,,,,,,,,,,,,,,,,,,,,,,,,140,,,,,,,,,,,,,,,,,,,,,,,,,,,,,,,,,,,,,,,,
,4,,,,,,,,,,,,,,,,,,,,,,440,,,,,,,,,,,,,,,,,,,,,,,,,,,,,,,,,,,,,,,,,,,,,,,,,,,,,,,,,,,,,,,,,,,,150,,,,,,,,,,,,,,,,,,,,,,,,,,,,,,,,,,,,,,,,
,5,,,,,,,,,,,,,,,,,,,,,,460,,,,,,,,,,,,,,,,,,,,,,,,,,,,,,,,,,,,,,,,,,,,,,,,,,,,,,,,,,,,,,,,,,,,160,,,,,,,,,,,,,,,,,,,,,,,,,,,,,,,,,,,,,,,,
,6,,,,,,,,,,,,,,,,,,,,,,480,,,,,,,,,,,,,,,,,,,,,,,,,,,,,,,,,,,,,,,,,,,,,,,,,,,,,,,,,,,,,,,,,,,,170,,,,,,,,,,,,,,,,,,,,,,,,,,,,,,,,,,,,,,,,
BatRage,1,,,TRUE,,,,,,,0,0,,,,4000,60,60,,,200,,,,,,,,,1,,0,,,,,,,,,,,,,,,,,,,,,,,,,,,,,,,,,,,,,,,,,,,,,,,,,,,,,,,,,,,,,,,,,,,,,,,,,,,,,,,,,,,,,,,,,,,,,,,,,,,
TH13Freeze,1,,,TRUE,,,,,,0,0,400,,,,,,,,,,,,,,,,,500,1,500,0,,,,,,,,,,TRUE,0,,,,,,,,,,,,,,,,,,,,,,,,,,,,,,,,,,,,,,,,,,,,0,,50,,,,,,,,,,,,,,,,,,,,,,TRUE,,,,,,,,,,,,,,,,,,,,
,2,,,,,,,,,,,,,,,,,,,,,,,,,,,,,,,,,,,,,,,,,,0,,,,,,,,,,,,,,,,,,,,,,,,,,,,,,,,,,,,,,,,,,,,0,,,,,,,,,,,,,,,,,,,,,,,,,,,,,,,,,,,,,,,,,,,,
,3,,,,,,,,,,,,,,,,,,,,,,,,,,,,,,,,,,,,Slowdown deploy lvl1,,Slowdown deploy2 lvl1,,,,4000,,,,,,,,,,,,,,,,,,,,,,,,,,,,,,,,,,,,,,,,,,,,4000,,,,,,,,,,,,,,,,,,,,,,,,,,,,,,,,,,,,,,,,,,,,
,4,,,,,,,,,,,,,,,,,,,,,,,,,,,,,,,,,,,,Slowdown deploy lvl1,,Slowdown deploy2 lvl1,,,,6000,,,,,,,,,,,,,,,,,,,,,,,,,,,,,,,,,,,,,,,,,,,,6000,,,,,,,,,,,,,,,,,,,,,,,,,,,,,,,,,,,,,,,,,,,,
,5,,,,,,,,,,,,,,,,,,,,,,,,,,,,,,,,,,,,Slowdown deploy lvl1,,Slowdown deploy2 lvl1,,,,8000,,,,,,,,,,,,,,,,,,,,,,,,,,,,,,,,,,,,,,,,,,,,8000,,,,,,,,,,,,,,,,,,,,,,,,,,,,,,,,,,,,,,,,,,,,
ElectroTitanDamageAura,1,,,TRUE,,,,,,,,400,,,,,,,,,,,30,,,,,,350,4000,0,400,,,,,E_titanAreaDamage,,,,,,,,,0,,TID_INFO_TARGET_TYPE_GROUND_AND_AIR,,,25,,,,,,,,,,,TRUE,,,,,,,,,,,,,,,,,,,,,,,,,,,,,,,,,,,,,,,,,,,,,,,,,TRUE,,,,,,TRUE,,,,,,,,,,,,,,
,2,,,,,,,,,,,,,,,,,,,,,,40,,,,,,,,,,,,,,E_titanAreaDamage,,,,,,,,,,,,,,,,,,,,,,,,,,,,,,,,,,,,,,,,,,,,,,,,,,,,,,,,,,,,,,,,,,,,,,,,,,,,,,,,,,,,,,,,,,,,,,
,3,,,,,,,,,,,,,,,,,,,,,,50,,,,,,,,,,,,,,E_titanAreaDamage,,,,,,,,,,,,,,,,,,,,,,,,,,,,,,,,,,,,,,,,,,,,,,,,,,,,,,,,,,,,,,,,,,,,,,,,,,,,,,,,,,,,,,,,,,,,,,
,4,,,,,,,,,,,,,,,,,,,,,,55,,,,,,,,,,,,,,E_titanAreaDamage,,,,,,,,,,,,,,,,,,,,,,,,,,,,,,,,,,,,,,,,,,,,,,,,,,,,,,,,,,,,,,,,,,,,,,,,,,,,,,,,,,,,,,,,,,,,,,
EliteValkyrieRage,1,,,TRUE,,,,,,800,300,400,,,,1000,26,13,,,160,,,,,,,,400,60,400,300,,,,Rage predeploy,Elite Valkyrie Rage deploy,,,,,TRUE,,,,,,,,,,,,,,,,,,,,,,,,,Elite Valkyrie Rage deploy enemy,,,,,,,,,,,,,,,,,,,,,,,,,,,,,,,,,,,,,,,,,,,,,,,,,,,,,,,,,,,,,,,,
Invisibility,1,TID_INVISIBILITY_SPELL,TID_INVISIBILITY_SPELL_INFO,,6,1,3,1,180,800,300,400,72,Elixir,5000000,,,,,,,,,,,,,,400,14,200,250,sc/ui.sc,icon_spell_invisibility,icon_spell_invisibility,Invisibility_Predeploy,Invisibility area lvl1,,,,,TRUE,,,,1500,Spell Forge,TID_INFO_TARGET_TYPE_GROUND_AND_AIR,,,,,,,,,,,,,,,,,,,,,,,,,,,,,,,,,,,,,,600,,,,,,,,,,,,,,,,,,,,,,,,,,,TRUE,,,,TRUE,,,,,,SpellInvisibility,,,,,,,,
,2,,,,,9,,,,,,,96,,6000000,,,,,,,,,,,,,,,15,,,,,,,Invisibility area lvl2,,,,,,,,,1600,,,,,,,,,,,,,,,,,,,,,,,,,,,,,,,,,,,,,,,,,,,,,,,,,,,,,,,,,,,,,,,,,,,,,,,,,,,,,,,,,,,,,
,3,,,,,10,,,,,,,120,,7000000,,,,,,,,,,,,,,,16,,,,,,,Invisibility area lvl3,,,,,,,,,1700,,,,,,,,,,,,,,,,,,,,,,,,,,,,,,,,,,,,,,,,,,,,,,,,,,,,,,,,,,,,,,,,,,,,,,,,,,,,,,,,,,,,,
,4,,,,,11,,,,,,,,,,,,,,,,,,,,,,,,17,,,,,,,Invisibility area lvl4,,,,,,,,,1800,,,,,,,,,,,,,,,,,,,,,,,,,,,,,,,,,,,,,,,,,,,,,,,,,,,,,,,,,,,,,,,,,,,,,,,,,,,,,,,,,,,,,
IceHoundFreeze,1,,,TRUE,,,,,,0,300,400,,,,,,,,,,,,,,,,,650,1,0,0,,,,,IceHound Freeze Deploy1 lvl1,,IceHound Freeze Deploy2,,,TRUE,3500,,,,,,,,,,,,,,,,,,,,,,,,,,,,,,,,,,,,,,,,,,,,3019,,,,,,,,,,,,,,,,,,,,,,,,TRUE,,,,,,,,,,,,,,,,,,,,
,2,,,,,,,,,,,,,,,,,,,,,,,,,,,,650,1,0,0,,,,,IceHound Freeze Deploy1 lvl2,,IceHound Freeze Deploy2,,,,4250,,,,,,,,,,,,,,,,,,,,,,,,,,,,,,,,,,,,,,,,,,,,3666,,,,,,,,,,,,,,,,,,,,,,,,,,,,,,,,,,,,,,,,,,,,
TH14Poison,1,,,TRUE,,,,,,0,0,400,,,,500,-30,-30,,,,,,,,,,,400,30,0,400,,,,,Toxic deploy ground TH,,Toxic deploy TH,,,TRUE,,,,,,,,,100,,,,,,100,FALSE,-30,TRUE,TRUE,,,,,,,,,,,,,,,,,,,,,,,,,,,,,,,,,,,,,,,,,,,,,,,,,,TRUE,TRUE,,,TRUE,TRUE,TRUE,TRUE,,,,,,,,,,,,,
,2,,,,,,,,,,,,,,,500,-35,-35,,,,,,,,,,,,,,,,,,,Toxic deploy ground TH,,Toxic deploy TH,,,,,,,,,,,,,,,,,,120,,-35,,,,,,,,,,,,,,,,,,,,,,,,,,,,,,,,,,,,,,,,,,,,,,,,,,,,,,,,,,,,,,,,,,,,,,,,
,3,,,,,,,,,,,,,,,500,-40,-40,,,,,,,,,,,,,,,,,,,Toxic deploy ground TH,,Toxic deploy TH,,,,,,,,,,,,,,,,,,140,,-40,,,,,,,,,,,,,,,,,,,,,,,,,,,,,,,,,,,,,,,,,,,,,,,,,,,,,,,,,,,,,,,,,,,,,,,,
,4,,,,,,,,,,,,,,,500,-45,-45,,,,,,,,,,,,,,,,,,,Toxic deploy ground TH,,Toxic deploy TH,,,,,,,,,,,,,,,,,,160,,-45,,,,,,,,,,,,,,,,,,,,,,,,,,,,,,,,,,,,,,,,,,,,,,,,,,,,,,,,,,,,,,,,,,,,,,,,
,5,,,,,,,,,,,,,,,500,-50,-50,,,,,,,,,,,,,,,,,,,Toxic deploy ground TH,,Toxic deploy TH,,,,,,,,,,,,,,,,,,180,,-50,,,,,,,,,,,,,,,,,,,,,,,,,,,,,,,,,,,,,,,,,,,,,,,,,,,,,,,,,,,,,,,,,,,,,,,,
FireSpiritExplosion,1,,,TRUE,,,,,,0,300,500,,,,500,0,0,,,,,1,,,,,,250,75,0,400,,,,,Catapult Ground Effects,,Multi Mortar Area Effects,,,TRUE,,,,,,,Wall,25,,,,,,,80,TRUE,,FALSE,FALSE,,,,,,,,,,,,,,,,,,,,,,,,,,,,,,,,,,,,,,,,,,,,,,,,,,,TRUE,,,,,,,,,,,,,,,,,,,
,2,,,,,,,,,,,,,,,,,,,,,,1,,,,,,,,,,,,,,Catapult Ground Effects,,Multi Mortar Area Effects,,,,,,,,,,,,,,,,,,95,,,,,,,,,,,,,,,,,,,,,,,,,,,,,,,,,,,,,,,,,,,,,,,,,,,,,,,,,,,,,,,,,,,,,,,,,,
,3,,,,,,,,,,,,,,,,,,,,,,1,,,,,,,,,,,,,,Catapult Ground Effects,,Multi Mortar Area Effects,,,,,,,,,,,,,,,,,,105,,,,,,,,,,,,,,,,,,,,,,,,,,,,,,,,,,,,,,,,,,,,,,,,,,,,,,,,,,,,,,,,,,,,,,,,,,
,4,,,,,,,,,,,,,,,,,,,,,,1,,,,,,,,,,,,,,Catapult Ground Effects,,Multi Mortar Area Effects,,,,,,,,,,,,,,,,,,120,,,,,,,,,,,,,,,,,,,,,,,,,,,,,,,,,,,,,,,,,,,,,,,,,,,,,,,,,,,,,,,,,,,,,,,,,,
,5,,,,,,,,,,,,,,,,,,,,,,1,,,,,,,,,,,,,,Catapult Ground Effects,,Multi Mortar Area Effects,,,,,,,,,,,,,,,,,,130,,,,,,,,,,,,,,,,,,,,,,,,,,,,,,,,,,,,,,,,,,,,,,,,,,,,,,,,,,,,,,,,,,,,,,,,,,
PhoenixImmortality,1,,,TRUE,,,,,,,,,,,,,,,,,,,,,,,,,0,1,,,,,,,,,,,,,,,,,,,,,,,,,,,,,,,,,6500,6500,100,,,,,,,,,,,,,,,,,,,,,,,,,,,,,,,,,,,,,,,,,,,,,,,,,,,,,,,,,,,,,,,,,,
,2,,,,,,,,,,,,,,,,,,,,,,,,,,,,,,,,,,,,,,,,,,,,,,,,,,,,,,,,,,,,,,7500,7500,100,,,,,,,,,,,,,,,,,,,,,,,,,,,,,,,,,,,,,,,,,,,,,,,,,,,,,,,,,,,,,,,,,,
,3,,,,,,,,,,,,,,,,,,,,,,,,,,,,,,,,,,,,,,,,,,,,,,,,,,,,,,,,,,,,,,8500,8500,100,,,,,,,,,,,,,,,,,,,,,,,,,,,,,,,,,,,,,,,,,,,,,,,,,,,,,,,,,,,,,,,,,,
TroopImmortality,1,,,TRUE,,,,,,,,,,,,,,,,,,,,,,,,,0,1,,,,,,,,,,,,,,,,,,,,,,,,,,,,,,,,,6000,6000,100,,,,,,,,,,,,,,,,,,,,,,,,,,,,,,,,,,,,,,,,,,,,,,,,,,,,,,,,,,,,,,,,,,
,2,,,,,,,,,,,,,,,,,,,,,,,,,,,,,,,,,,,,,,,,,,,,,,,,,,,,,,,,,,,,,,7000,7000,100,,,,,,,,,,,,,,,,,,,,,,,,,,,,,,,,,,,,,,,,,,,,,,,,,,,,,,,,,,,,,,,,,,
,3,,,,,,,,,,,,,,,,,,,,,,,,,,,,,,,,,,,,,,,,,,,,,,,,,,,,,,,,,,,,,,8000,8000,100,,,,,,,,,,,,,,,,,,,,,,,,,,,,,,,,,,,,,,,,,,,,,,,,,,,,,,,,,,,,,,,,,,
AreaStun,1,,,TRUE,,,,,,,,,,,,,,,,,,,,,,,,,200,1,,,,,,,Bomber Big Hit,,,,,,,,,,,,,,,,,,,,,,,,,,,,,,,,,,,,,,,,,,,,,,,,,,,,,,,5000,,,,,,,,,,,,,,,,,,,,,TRUE,TRUE,,TRUE,TRUE,,,,,,,,,,,,,,
DrillerSurfacing,1,,,TRUE,,,,,,,,,,,,,,,,,,,,,,,,,150,1,,,,,,,Bomber Big Hit,,,,,,,,,,,,,,,,,,,,,,,,,,,,,,,,,,,,,,,,,,,,,,,,,,,,,,,2000,,,,,,,,,,,,,,,,,,,,,TRUE,TRUE,,TRUE,TRUE,,,,TRUE,,,,,,,,,,
TH15Poison,1,,,TRUE,,,,,,0,0,400,,,,500,-50,-50,,,,,,,,,,,400,30,0,400,,,,,Toxic deploy ground TH,,Toxic deploy TH,,,TRUE,,,,,,,,,100,,,,,,180,FALSE,-50,TRUE,TRUE,,,,,,,,,,,,,,,,,,,,,,,,,,,,,,,,,,,,,,,,,,,,,,,,,,TRUE,TRUE,,,TRUE,TRUE,TRUE,TRUE,,,,,,,,,,,,,
,2,,,,,,,,,,,,,,,500,-50,-50,,,,,,,,,,,,,,,,,,,Toxic deploy ground TH,,Toxic deploy TH,,,,,,,,,,,,,,,,,,180,,-50,,,,,,,,,,,,,,,,,,,,,,,,,,,,,,,,,,,,,,,,,,,,,,,,,,,,,,,,,,,,,,,,,,,,,,,,
,3,,,,,,,,,,,,,,,500,-50,-50,,,,,,,,,,,,,,,,,,,Toxic deploy ground TH,,Toxic deploy TH,,,,,,,,,,,,,,,,,,180,,-50,,,,,,,,,,,,,,,,,,,,,,,,,,,,,,,,,,,,,,,,,,,,,,,,,,,,,,,,,,,,,,,,,,,,,,,,
,4,,,,,,,,,,,,,,,500,-50,-50,,,,,,,,,,,,,,,,,,,Toxic deploy ground TH,,Toxic deploy TH,,,,,,,,,,,,,,,,,,180,,-50,,,,,,,,,,,,,,,,,,,,,,,,,,,,,,,,,,,,,,,,,,,,,,,,,,,,,,,,,,,,,,,,,,,,,,,,
,5,,,,,,,,,,,,,,,500,-50,-50,,,,,,,,,,,,,,,,,,,Toxic deploy ground TH,,Toxic deploy TH,,,,,,,,,,,,,,,,,,180,,-50,,,,,,,,,,,,,,,,,,,,,,,,,,,,,,,,,,,,,,,,,,,,,,,,,,,,,,,,,,,,,,,,,,,,,,,,
PoisonST,1,TID_POISON_CLOUD_TOWER,TID_POISON_CLOUD_INFO,TRUE,1,1,3,1,180,0,0,0,8,DarkElixir,12000,500,-35,-35,,,,,,,,,,,500,30,0,400,sc/ui.sc,icon_spell_toxic,icon_spell_toxic,,Toxic deploy ground halloween ST,,Toxic deploy halloween ST,,,TRUE,,,,,Mini Spell Factory,TID_INFO_TARGET_TYPE_GROUND_AND_AIR,,,20,,,,,,60,FALSE,-25,TRUE,TRUE,,,,,,,,,,,,,,,,,,,,,,,,,,,,,,,,,,,,,,,,,,,,,,,,,,,TRUE,,,TRUE,TRUE,TRUE,TRUE,,,,,,,,,,,,,
SuperHogRiderSummonHog,1,,,TRUE,,,,,,0,0,0,,,,,,,,,,,0,,,,,,0,1,0,0,,,,,SuperBoar Deploy,,,,,TRUE,,,,,,TID_PREFERRED_TARGET_ANY,,,,,,,,,,,,,,,,,,,,,,,Riderless Hog,1,1,,,0,0,,,,,,,,,,,,,,,,,,,,,,,,,,,,,,,,,,,,,,,,,,,,,,,,,,,,,,
,2,,,,,,,,,,,,,,,,,,,,,,,,,,,,,,,,,,,,,,,,,,,,,,,,,,,,,,,,,,,,,,,,,,,,,,,,2,,,,,,,,,,,,,,,,,,,,,,,,,,,,,,,,,,,,,,,,,,,,,,,,,,,,,,,,,,
,3,,,,,,,,,,,,,,,,,,,,,,,,,,,,,,,,,,,,,,,,,,,,,,,,,,,,,,,,,,,,,,,,,,,,,,,,3,,,,,,,,,,,,,,,,,,,,,,,,,,,,,,,,,,,,,,,,,,,,,,,,,,,,,,,,,,
,4,,,,,,,,,,,,,,,,,,,,,,,,,,,,,,,,,,,,,,,,,,,,,,,,,,,,,,,,,,,,,,,,,,,,,,,,4,,,,,,,,,,,,,,,,,,,,,,,,,,,,,,,,,,,,,,,,,,,,,,,,,,,,,,,,,,
,5,,,,,,,,,,,,,,,,,,,,,,,,,,,,,,,,,,,,,,,,,,,,,,,,,,,,,,,,,,,,,,,,,,,,,,,,5,,,,,,,,,,,,,,,,,,,,,,,,,,,,,,,,,,,,,,,,,,,,,,,,,,,,,,,,,,
,6,,,,,,,,,,,,,,,,,,,,,,,,,,,,,,,,,,,,,,,,,,,,,,,,,,,,,,,,,,,,,,,,,,,,,,,,6,,,,,,,,,,,,,,,,,,,,,,,,,,,,,,,,,,,,,,,,,,,,,,,,,,,,,,,,,,
,7,,,,,,,,,,,,,,,,,,,,,,,,,,,,,,,,,,,,,,,,,,,,,,,,,,,,,,,,,,,,,,,,,,,,,,,,7,,,,,,,,,,,,,,,,,,,,,,,,,,,,,,,,,,,,,,,,,,,,,,,,,,,,,,,,,,
,8,,,,,,,,,,,,,,,,,,,,,,,,,,,,,,,,,,,,,,,,,,,,,,,,,,,,,,,,,,,,,,,,,,,,,,,,8,,,,,,,,,,,,,,,,,,,,,,,,,,,,,,,,,,,,,,,,,,,,,,,,,,,,,,,,,,
,9,,,,,,,,,,,,,,,,,,,,,,,,,,,,,,,,,,,,,,,,,,,,,,,,,,,,,,,,,,,,,,,,,,,,,,,,9,,,,,,,,,,,,,,,,,,,,,,,,,,,,,,,,,,,,,,,,,,,,,,,,,,,,,,,,,,
,10,,,,,,,,,,,,,,,,,,,,,,,,,,,,,,,,,,,,,,,,,,,,,,,,,,,,,,,,,,,,,,,,,,,,,,,,10,,,,,,,,,,,,,,,,,,,,,,,,,,,,,,,,,,,,,,,,,,,,,,,,,,,,,,,,,,
,11,,,,,,,,,,,,,,,,,,,,,,,,,,,,,,,,,,,,,,,,,,,,,,,,,,,,,,,,,,,,,,,,,,,,,,,,11,,,,,,,,,,,,,,,,,,,,,,,,,,,,,,,,,,,,,,,,,,,,,,,,,,,,,,,,,,
RageST,1,TID_HASTE_TOWER,TID_HASTE_INFO,TRUE,1,1,6,2,360,0,300,400,12,Elixir,400000,1000,30,15,,,60,60,,,,,,,500,60,400,300,sc/ui.sc,icon_spell_rage,icon_spell_rage,,Rage deploy ST,,Rage deploy top,,,TRUE,,,,,Spell Forge,TID_INFO_TARGET_TYPE_GROUND_AND_AIR,,,,,,,,,,,,,,,,,,,,,,,,,,,,,,,,,,,,,,,,,,,,,,,,,,,,,,,,,,,,,,,,,,,,,,,,,,,,,,,,,,,
SuperHogRiderSummonRider,1,,,TRUE,,,,,,0,0,0,,,,,,,,,,,0,,,,,,0,1,0,0,,,,,,,,,,TRUE,,,,,,TID_PREFERRED_TARGET_ANY,,,,,,,,,,,,,,,,,,,,,,,Hogless Rider,1,1,,,0,0,,,,,,,,,,,,,,,,,,,,,,,,,,,,,,,,,,,,,,,,,,,,,,,,,,,,,,
,2,,,,,,,,,,,,,,,,,,,,,,,,,,,,,,,,,,,,,,,,,,,,,,,,,,,,,,,,,,,,,,,,,,,,,,,,2,,,,,,,,,,,,,,,,,,,,,,,,,,,,,,,,,,,,,,,,,,,,,,,,,,,,,,,,,,
,3,,,,,,,,,,,,,,,,,,,,,,,,,,,,,,,,,,,,,,,,,,,,,,,,,,,,,,,,,,,,,,,,,,,,,,,,3,,,,,,,,,,,,,,,,,,,,,,,,,,,,,,,,,,,,,,,,,,,,,,,,,,,,,,,,,,
,4,,,,,,,,,,,,,,,,,,,,,,,,,,,,,,,,,,,,,,,,,,,,,,,,,,,,,,,,,,,,,,,,,,,,,,,,4,,,,,,,,,,,,,,,,,,,,,,,,,,,,,,,,,,,,,,,,,,,,,,,,,,,,,,,,,,
,5,,,,,,,,,,,,,,,,,,,,,,,,,,,,,,,,,,,,,,,,,,,,,,,,,,,,,,,,,,,,,,,,,,,,,,,,5,,,,,,,,,,,,,,,,,,,,,,,,,,,,,,,,,,,,,,,,,,,,,,,,,,,,,,,,,,
,6,,,,,,,,,,,,,,,,,,,,,,,,,,,,,,,,,,,,,,,,,,,,,,,,,,,,,,,,,,,,,,,,,,,,,,,,6,,,,,,,,,,,,,,,,,,,,,,,,,,,,,,,,,,,,,,,,,,,,,,,,,,,,,,,,,,
,7,,,,,,,,,,,,,,,,,,,,,,,,,,,,,,,,,,,,,,,,,,,,,,,,,,,,,,,,,,,,,,,,,,,,,,,,7,,,,,,,,,,,,,,,,,,,,,,,,,,,,,,,,,,,,,,,,,,,,,,,,,,,,,,,,,,
,8,,,,,,,,,,,,,,,,,,,,,,,,,,,,,,,,,,,,,,,,,,,,,,,,,,,,,,,,,,,,,,,,,,,,,,,,8,,,,,,,,,,,,,,,,,,,,,,,,,,,,,,,,,,,,,,,,,,,,,,,,,,,,,,,,,,
,9,,,,,,,,,,,,,,,,,,,,,,,,,,,,,,,,,,,,,,,,,,,,,,,,,,,,,,,,,,,,,,,,,,,,,,,,9,,,,,,,,,,,,,,,,,,,,,,,,,,,,,,,,,,,,,,,,,,,,,,,,,,,,,,,,,,
,10,,,,,,,,,,,,,,,,,,,,,,,,,,,,,,,,,,,,,,,,,,,,,,,,,,,,,,,,,,,,,,,,,,,,,,,,10,,,,,,,,,,,,,,,,,,,,,,,,,,,,,,,,,,,,,,,,,,,,,,,,,,,,,,,,,,
,11,,,,,,,,,,,,,,,,,,,,,,,,,,,,,,,,,,,,,,,,,,,,,,,,,,,,,,,,,,,,,,,,,,,,,,,,11,,,,,,,,,,,,,,,,,,,,,,,,,,,,,,,,,,,,,,,,,,,,,,,,,,,,,,,,,,
InvisibilityST,1,TID_INVISIBILITY_SPELL_TOWER,TID_INVISIBILITY_SPELL_INFO,TRUE,1,1,3,1,180,0,300,400,192,Elixir,8000000,0,0,0,,,,,0,,,,,,450,18,200,250,sc/ui.sc,icon_spell_invisibility,icon_spell_invisibility,,Invisibility ST,,,,,TRUE,,,,,Spell Forge,TID_INFO_TARGET_TYPE_GROUND_AND_AIR,,,,,,,,,,,,,,,,,,,,,,,,,,,,,,,,,,,,,,600,,,,,,,,,,,,,,,,,,,,,,,,,,,TRUE,,,,TRUE,,,,,,,,,,,,,,
GraveGolemSummonBigBoy,1,,,TRUE,,,,,,0,0,0,,,,,,,,,,,0,,,,,,200,1,150,300,,,,,Warlock Summon,,,,,,,,,,,TID_PREFERRED_TARGET_ANY,,,,,,,,,,,,,,,,,,,,,,,Witch Golem Big Boy,1,1,,,600,0,,,,,,,,,,,,,,,,,,,,,,,,,,,,,,,,,,,,,,,,,,,,,,,,,,,,,,
,2,,,,,,,,,,,,,,,,,,,,,,,,,,,,,,,,,,,,,,,,,,,,,,,,,,,,,,,,,,,,,,,,,,,,,,,1,2,,,,,,,,,,,,,,,,,,,,,,,,,,,,,,,,,,,,,,,,,,,,,,,,,,,,,,,,,,
,3,,,,,,,,,,,,,,,,,,,,,,,,,,,,,,,,,,,,,,,,,,,,,,,,,,,,,,,,,,,,,,,,,,,,,,,2,3,,,,,,,,,,,,,,,,,,,,,,,,,,,,,,,,,,,,,,,,,,,,,,,,,,,,,,,,,,
,4,,,,,,,,,,,,,,,,,,,,,,,,,,,,,,,,,,,,,,,,,,,,,,,,,,,,,,,,,,,,,,,,,,,,,,,2,4,,,,,,,,,,,,,,,,,,,,,,,,,,,,,,,,,,,,,,,,,,,,,,,,,,,,,,,,,,
,5,,,,,,,,,,,,,,,,,,,,,,,,,,,,,,,,,,,,,,,,,,,,,,,,,,,,,,,,,,,,,,,,,,,,,,,2,5,,,,,,,,,,,,,,,,,,,,,,,,,,,,,,,,,,,,,,,,,,,,,,,,,,,,,,,,,,
,6,,,,,,,,,,,,,,,,,,,,,,,,,,,,,,,,,,,,,,,,,,,,,,,,,,,,,,,,,,,,,,,,,,,,,,,2,6,,,,,,,,,,,,,,,,,,,,,,,,,,,,,,,,,,,,,,,,,,,,,,,,,,,,,,,,,,
,7,,,,,,,,,,,,,,,,,,,,,,,,,,,,,,,,,,,,,,,,,,,,,,,,,,,,,,,,,,,,,,,,,,,,,,,3,7,,,,,,,,,,,,,,,,,,,,,,,,,,,,,,,,,,,,,,,,,,,,,,,,,,,,,,,,,,
,8,,,,,,,,,,,,,,,,,,,,,,,,,,,,,,,,,,,,,,,,,,,,,,,,,,,,,,,,,,,,,,,,,,,,,,,3,8,,,,,,,,,,,,,,,,,,,,,,,,,,,,,,,,,,,,,,,,,,,,,,,,,,,,,,,,,,
,9,,,,,,,,,,,,,,,,,,,,,,,,,,,,,,,,,,,,,,,,,,,,,,,,,,,,,,,,,,,,,,,,,,,,,,,3,9,,,,,,,,,,,,,,,,,,,,,,,,,,,,,,,,,,,,,,,,,,,,,,,,,,,,,,,,,,
,10,,,,,,,,,,,,,,,,,,,,,,,,,,,,,,,,,,,,,,,,,,,,,,,,,,,,,,,,,,,,,,,,,,,,,,,3,10,,,,,,,,,,,,,,,,,,,,,,,,,,,,,,,,,,,,,,,,,,,,,,,,,,,,,,,,,,
,11,,,,,,,,,,,,,,,,,,,,,,,,,,,,,,,,,,,,,,,,,,,,,,,,,,,,,,,,,,,,,,,,,,,,,,,4,11,,,,,,,,,,,,,,,,,,,,,,,,,,,,,,,,,,,,,,,,,,,,,,,,,,,,,,,,,,
HogWizardDamageAura,1,,,TRUE,,,,,,,,400,,,,,,,,,,,3,,,,,,120,4000,0,400,,,,,HogWizardFlameEffect,,,,,,,,,,,TID_INFO_TARGET_TYPE_GROUND_AND_AIR,,,25,,,,,,,,,,,,,,,,,,,,,,,,,,,,,,,,,,,,,,,,,,,,,,,,,,,,,,,,,,,,TRUE,,,,,,TRUE,,,,,,,,,,,,,,
BagOfFrostmitesSpawn,1,,,TRUE,,,,,,,,0,,,,,,,,,,,,,,,,,0,1,,,,,,,,,,,,,,,,,,,,,,,,,,,,,,,,,,,,,,,,,FrostmiteSpawner,1,1,,,0,1,,,,,,,,,,,,,,,,,,,,,,,,,,,,,,,,,,,,,,,,,,,,,,,,,,,,,,
,2,,,,,,,,,,,,,,,,,,,,,,,,,,,,,,,,,,,,,,,,,,,,,,,,,,,,,,,,,,,,,,,,,,,,,,,,2,,,,,,,,,,,,,,,,,,,,,,,,,,,,,,,,,,,,,,,,,,,,,,,,,,,,,,,,,,
,3,,,,,,,,,,,,,,,,,,,,,,,,,,,,,,,,,,,,,,,,,,,,,,,,,,,,,,,,,,,,,,,,,,,,,,,,3,,,,,,,,,,,,,,,,,,,,,,,,,,,,,,,,,,,,,,,,,,,,,,,,,,,,,,,,,,
,4,,,,,,,,,,,,,,,,,,,,,,,,,,,,,,,,,,,,,,,,,,,,,,,,,,,,,,,,,,,,,,,,,,,,,,,,4,,,,,,,,,,,,,,,,,,,,,,,,,,,,,,,,,,,,,,,,,,,,,,,,,,,,,,,,,,
,5,,,,,,,,,,,,,,,,,,,,,,,,,,,,,,,,,,,,,,,,,,,,,,,,,,,,,,,,,,,,,,,,,,,,,,,,5,,,,,,,,,,,,,,,,,,,,,,,,,,,,,,,,,,,,,,,,,,,,,,,,,,,,,,,,,,
,6,,,,,,,,,,,,,,,,,,,,,,,,,,,,,,,,,,,,,,,,,,,,,,,,,,,,,,,,,,,,,,,,,,,,,,,,6,,,,,,,,,,,,,,,,,,,,,,,,,,,,,,,,,,,,,,,,,,,,,,,,,,,,,,,,,,
,7,,,,,,,,,,,,,,,,,,,,,,,,,,,,,,,,,,,,,,,,,,,,,,,,,,,,,,,,,,,,,,,,,,,,,,,,7,,,,,,,,,,,,,,,,,,,,,,,,,,,,,,,,,,,,,,,,,,,,,,,,,,,,,,,,,,
,8,,,,,,,,,,,,,,,,,,,,,,,,,,,,,,,,,,,,,,,,,,,,,,,,,,,,,,,,,,,,,,,,,,,,,,,,8,,,,,,,,,,,,,,,,,,,,,,,,,,,,,,,,,,,,,,,,,,,,,,,,,,,,,,,,,,
,9,,,,,,,,,,,,,,,,,,,,,,,,,,,,,,,,,,,,,,,,,,,,,,,,,,,,,,,,,,,,,,,,,,,,,,,,9,,,,,,,,,,,,,,,,,,,,,,,,,,,,,,,,,,,,,,,,,,,,,,,,,,,,,,,,,,
,10,,,,,,,,,,,,,,,,,,,,,,,,,,,,,,,,,,,,,,,,,,,,,,,,,,,,,,,,,,,,,,,,,,,,,,,,10,,,,,,,,,,,,,,,,,,,,,,,,,,,,,,,,,,,,,,,,,,,,,,,,,,,,,,,,,,
,11,,,,,,,,,,,,,,,,,,,,,,,,,,,,,,,,,,,,,,,,,,,,,,,,,,,,,,,,,,,,,,,,,,,,,,,,11,,,,,,,,,,,,,,,,,,,,,,,,,,,,,,,,,,,,,,,,,,,,,,,,,,,,,,,,,,
COOKIEAura,1,,,TRUE,,,,,,,,400,,,,,,,,,,,3,,,,,,120,4000,0,400,,,,,,,,,,,,,,,,TID_INFO_TARGET_TYPE_GROUND_AND_AIR,,,25,,,,,,,,,,,,,,,,,,,,,,,,,,,,,,,,,,,,,,,,,,,,,,,,,,,,,,,,,,,,TRUE,,,,,,TRUE,,,,,,,,,,,,,,
Recall,1,TID_SPELL_RECALL,TID_SPELL_RECALL_INFO,,7,1,6,2,360,800,0,100,168,Elixir,7500000,0,0,0,,,,,0,,,,,,500,1,200,100,sc/ui.sc,icon_spell_recall,icon_spell_recall,Recall_Predeploy,RecallDeployAuraGround,,RecallDeployAuraTop,,,TRUE,,,,1700,Spell Forge,TID_INFO_TARGET_TYPE_GROUND_AND_AIR,,,,,,,,,,,,,,,,,,,,,,,,,,,,,,,,,,,,,,,,,,,,,,,,,,,,,,,,,,,,,,,,,,,,,,,,,,83,SpellRecall,,,,,,,,
,2,,,,,11,,,,,,,216,,8000000,,,,,,,,,,,,,,,,,,,,,,,,,,,,,,,1800,,,,,,,,,,,,,,,,,,,,,,,,,,,,,,,,,,,,,,,,,,,,,,,,,,,,,,,,,,,,,,,,,,,,,,,,,,,,89,,,,,,,,,
,3,,,,,12,,,,,,,264,,9000000,,,,,,,,,,,,,,,,,,,,,,,,,,,,,,,1900,,,,,,,,,,,,,,,,,,,,,,,,,,,,,,,,,,,,,,,,,,,,,,,,,,,,,,,,,,,,,,,,,,,,,,,,,,,,95,,,,,,,,,
,4,,,,,13,,,,,,,312,,13000000,,,,,,,,,,,,,,,,,,,,,,,,,,,,,,,2000,,,,,,,,,,,,,,,,,,,,,,,,,,,,,,,,,,,,,,,,,,,,,,,,,,,,,,,,,,,,,,,,,,,,,,,,,,,,101,,,,,,,,,
,5,,,,,14,,,,,,,360,,21000000,,,,,,,,,,,,,,,,,,,,,,,,,,,,,,,2100,,,,,,,,,,,,,,,,,,,,,,,,,,,,,,,,,,,,,,,,,,,,,,,,,,,,,,,,,,,,,,,,,,,,,,,,,,,,107,,,,,,,,,
,6,,,,,15,,,,,,,,,,,,,,,,,,,,,,,,,,,,,,,,,,,,,,,,2200,,,,,,,,,,,,,,,,,,,,,,,,,,,,,,,,,,,,,,,,,,,,,,,,,,,,,,,,,,,,,,,,,,,,,,,,,,,,113,,,,,,,,,
GrandWardenRangeRing,1,,,TRUE,,,,,,0,0,300,,,,,,,,,,,0,,,,,,900,4000,200,1000,,,,,GWRangeRing,,,,,TRUE,,,,,,TID_INFO_TARGET_TYPE_GROUND_AND_AIR,,,,,,,,,,,,,,,,,,,EmptyEffect,,,,,,,,,,,,,,,,,,,,,,,,,,,,,,,,,,,,,,,,,,,,,,,,,,,,,,,,,,,,,,,,
PoisonLizardAttack,1,,,TRUE,,,,,,,,,,,,500,-26,-26,,,,,,,,,,,400,40,0,400,,,,,,,,,,,,,,,,,,,,,,,,,80,FALSE,-35,TRUE,TRUE,,,,,,,,,,,,,,,,,,,,,,,,,,,,,,,,,,,,,,,,,,,,,,,,,,,TRUE,,,TRUE,TRUE,TRUE,TRUE,,,,,,,,,,,,,
,2,,,,,,,,,,,,,,,500,-34,-34,,,,,,,,,,,,,,,,,,,,,,,,,,,,,,,,,,,,,,,100,,-45,,,,,,,,,,,,,,,,,,,,,,,,,,,,,,,,,,,,,,,,,,,,,,,,,,,,,,,,,,,,,,,,,,,,,,,,
,3,,,,,,,,,,,,,,,500,-38,-38,,,,,,,,,,,,,,,,,,,,,,,,,,,,,,,,,,,,,,,120,,-50,,,,,,,,,,,,,,,,,,,,,,,,,,,,,,,,,,,,,,,,,,,,,,,,,,,,,,,,,,,,,,,,,,,,,,,,
RamRiderDestroyWalls,1,TID_RAM_RIDER_ABILITY_TITLE,TID_RAM_RIDER_ABILITY_INFO,TRUE,,,,,,,0,300,,,,0,0,0,,,,,0,,,,,,100,4000,0,100,,,,,,,,,,TRUE,,,,,,,,,,,,,,,,,,,,,,,,,,,,,,,,,,,,,,,,,,,,,,,,,,,,,,,,,,,,,,,,,,,,,,,,,,,,,,,TRUE,,,,,,,,,,
SlowBomb,1,,,TRUE,,,,,,,,,,,,,,,,,,,750,,,,,,250,1,0,150,,,,,,,,,Artillery Hit,FALSE,,,,,,,,,,,,,,,,,,,,,,,,,,,,,,,,,,,,,,,,,,,,,,,,,,,,,,,,,,,,,,,,,,,,,,,,,,,,,,,,,,,,,,,,,
VisualRage,1,,,TRUE,,,,,,,0,0,,,,300000,0,0,,,1,,,,,,,,,1,,0,,,,,,,,,,,,,,,,,,,,,,,,,,,,,,,,,,,,,,,,,,,,,,,,,,,,,,,,,,,,,,,,,,,,,,,,,,,,,,,,,,,,,,,,,,,,,,,,,,,
Baby Dragon Flaming Sneeze,1,,,TRUE,,,,,,,0,0,,,,0,0,0,,,,,100,,,,,,750,1,0,0,,,,,,,,,,TRUE,,,,,,,,,,,,,,,,,,,,,,,,,,,,,,,,,,,,,TRUE,,,1,,,,,,90,,,80,,,,,,,,,,,,,,,,,,,,TRUE,,,,,,,,,,,,,,,,,,,,
,2,,,,,,,,,,,,,,,,,,,,,,160,,,,,,,,,,,,,,,,,,,,,,,,,,,,,,,,,,,,,,,,,,,,,,,,,,,,,,,,,,,,,,,,,,,,128,,,,,,,,,,,,,,,,,,,,,,,,,,,,,,,,,,,,,,,,
,3,,,,,,,,,,,,,,,,,,,,,,275,,,,,,,,,,,,,,,,,,,,,,,,,,,,,,,,,,,,,,,,,,,,,,,,,,,,,,,,,,,,,,,,,,,,220,,,,,,,,,,,,,,,,,,,,,,,,,,,,,,,,,,,,,,,,
,4,,,,,,,,,,,,,,,,,,,,,,400,,,,,,,,,,,,,,,,,,,,,,,,,,,,,,,,,,,,,,,,,,,,,,,,,,,,,,,,,,,,,,,,,,,,320,,,,,,,,,,,,,,,,,,,,,,,,,,,,,,,,,,,,,,,,
,5,,,,,,,,,,,,,,,,,,,,,,550,,,,,,,,,,,,,,,,,,,,,,,,,,,,,,,,,,,,,,,,,,,,,,,,,,,,,,,,,,,,,,,,,,,,440,,,,,,,,,,,,,,,,,,,,,,,,,,,,,,,,,,,,,,,,
Power PEKKA Overcharge,1,,,TRUE,,,,,,0,0,0,,,,,,,,,,,920,,,,,,250,1,0,400,,,,,Pekka_Shockwave_Stomp,,,,,TRUE,100,,,,,TID_PREFERRED_TARGET_ANY,,,,,,,,,,,,,,,,,,,,,,,,,,,,,,,,,,1,,,,,100,,,,,,,,,,,,,,,,,,,,,,,,,,,,,,,,,,,,,,,,,,,,
,2,,,,,,,,,,,,,,,,,,,,,,1060,,,,,,,,,,,,,,,,,,,,,,,,,,,,,,,,,,,,,,,,,,,,,,,,,,,,,,,,,,,,,,,,,,,,,,,,,,,,,,,,,,,,,,,,,,,,,,,,,,,,,,,,,,,,
,3,,,,,,,,,,,,,,,,,,,,,,1200,,,,,,,,,,,,,,,,,,,,,,,,,,,,,,,,,,,,,,,,,,,,,,,,,,,,,,,,,,,,,,,,,,,,,,,,,,,,,,,,,,,,,,,,,,,,,,,,,,,,,,,,,,,,
,4,,,,,,,,,,,,,,,,,,,,,,1350,,,,,,,,,,,,,,,,,,,,,,,,,,,,,,,,,,,,,,,,,,,,,,,,,,,,,,,,,,,,,,,,,,,,,,,,,,,,,,,,,,,,,,,,,,,,,,,,,,,,,,,,,,,,
,5,,,,,,,,,,,,,,,,,,,,,,1500,,,,,,,,,,,,,,,,,,,,,,,,,,,,,,,,,,,,,,,,,,,,,,,,,,,,,,,,,,,,,,,,,,,,,,,,,,,,,,,,,,,,,,,,,,,,,,,,,,,,,,,,,,,,
Drop Ship Skeleton Bomb,1,,,TRUE,,,,,,850,0,0,,,,,,,,,,,600,,,,,,225,1,0,100,,,,Skeleton_Dropship_Bomb_Barrel_Predeploy,,,,,Skeleton Dropship Bomb Hit,TRUE,,,,,,TID_PREFERRED_TARGET_ANY,,,,,,,,,,,,,,,,,,,,,,,Balloon Skeleton,5,1,,,0,0,,,,,1,,,,,,,,,,,,,,,,,,,,,,,,,,,,,,,,,,,,,,,TRUE,,,,,,,,,,
,2,,,,,,,,,,,,,,,,,,,,,,700,,,,,,,,,,,,,,,,,,,,,,,,,,,,,,,,,,,,,,,,,,,,,,,,,6,,,,,,,,,,,,,,,,,,,,,,,,,,,,,,,,,,,,,,,,,,,,,,,,,,,,,,,,,,,
,3,,,,,,,,,,,,,,,,,,,,,,800,,,,,,,,,,,,,,,,,,,,,,,,,,,,,,,,,,,,,,,,,,,,,,,,,7,,,,,,,,,,,,,,,,,,,,,,,,,,,,,,,,,,,,,,,,,,,,,,,,,,,,,,,,,,,
,4,,,,,,,,,,,,,,,,,,,,,,900,,,,,,,,,,,,,,,,,,,,,,,,,,,,,,,,,,,,,,,,,,,,,,,,,8,,,,,,,,,,,,,,,,,,,,,,,,,,,,,,,,,,,,,,,,,,,,,,,,,,,,,,,,,,,
Night Witch Bat Swarm,1,,,TRUE,,,,,,0,0,0,,,,,,,,,,,0,,,,,,250,1,0,64,,,,,,,,,,TRUE,,,,,,TID_PREFERRED_TARGET_ANY,,,,,,,,,,,,,,,,,,,,,,,Bat Enraged,7,1,,,420,0,,,,,1,,,,,,,,,,,,,,,,,,,,,,,,,,,,,,,,,,,,,,,,,,,,,,,,,
,2,,,,,,,,,,,,,,,,,,,,,,0,,,,,,,,,,,,,,,,,,,,,,,,,,,,,,,,,,,,,,,,,,,,,,,,,8,,,,480,,,,,,,,,,,,,,,,,,,,,,,,,,,,,,,,,,,,,,,,,,,,,,,,,,,,,,,
,3,,,,,,,,,,,,,,,,,,,,,,0,,,,,,,,,,,,,,,,,,,,,,,,,,,,,,,,,,,,,,,,,,,,,,,,,9,,,,540,,,,,,,,,,,,,,,,,,,,,,,,,,,,,,,,,,,,,,,,,,,,,,,,,,,,,,,
,4,,,,,,,,,,,,,,,,,,,,,,0,,,,,,,,,,,,,,,,,,,,,,,,,,,,,,,,,,,,,,,,,,,,,,,,,10,,,,600,,,,,,,,,,,,,,,,,,,,,,,,,,,,,,,,,,,,,,,,,,,,,,,,,,,,,,,
,5,,,,,,,,,,,,,,,,,,,,,,0,,,,,,,,,,,,,,,,,,,,,,,,,,,,,,,,,,,,,,,,,,,,,,,,,11,,,,660,,,,,,,,,,,,,,,,,,,,,,,,,,,,,,,,,,,,,,,,,,,,,,,,,,,,,,,
Cannon Cart Mortar Mode Splash,1,,,TRUE,,,,,,,,,,,,,,,,,,,150,,,,,,180,1,,,,,,,,,,,,,,,,,,,,,,,,,,,,,,,,,,,,,,,,,,,,,,,,,,,,1,,,,,,,,,50,,,,,,,,,,,,,,,,,,,,,,,,,,,,,,,,,,,,,,,,
,2,,,,,,,,,,,,,,,,,,,,,,170,,,,,,,,,,,,,,,,,,,,,,,,,,,,,,,,,,,,,,,,,,,,,,,,,,,,,,,,,,,,,,,,,,,,57,,,,,,,,,,,,,,,,,,,,,,,,,,,,,,,,,,,,,,,,
,3,,,,,,,,,,,,,,,,,,,,,,195,,,,,,,,,,,,,,,,,,,,,,,,,,,,,,,,,,,,,,,,,,,,,,,,,,,,,,,,,,,,,,,,,,,,65,,,,,,,,,,,,,,,,,,,,,,,,,,,,,,,,,,,,,,,,
,4,,,,,,,,,,,,,,,,,,,,,,225,,,,,,,,,,,,,,,,,,,,,,,,,,,,,,,,,,,,,,,,,,,,,,,,,,,,,,,,,,,,,,,,,,,,75,,,,,,,,,,,,,,,,,,,,,,,,,,,,,,,,,,,,,,,,
,5,,,,,,,,,,,,,,,,,,,,,,255,,,,,,,,,,,,,,,,,,,,,,,,,,,,,,,,,,,,,,,,,,,,,,,,,,,,,,,,,,,,,,,,,,,,85,,,,,,,,,,,,,,,,,,,,,,,,,,,,,,,,,,,,,,,,
,6,,,,,,,,,,,,,,,,,,,,,,285,,,,,,,,,,,,,,,,,,,,,,,,,,,,,,,,,,,,,,,,,,,,,,,,,,,,,,,,,,,,,,,,,,,,95,,,,,,,,,,,,,,,,,,,,,,,,,,,,,,,,,,,,,,,,
,7,,,,,,,,,,,,,,,,,,,,,,325,,,,,,,,,,,,,,,,,,,,,,,,,,,,,,,,,,,,,,,,,,,,,,,,,,,,,,,,,,,,,,,,,,,,108,,,,,,,,,,,,,,,,,,,,,,,,,,,,,,,,,,,,,,,,
,8,,,,,,,,,,,,,,,,,,,,,,360,,,,,,,,,,,,,,,,,,,,,,,,,,,,,,,,,,,,,,,,,,,,,,,,,,,,,,,,,,,,,,,,,,,,120,,,,,,,,,,,,,,,,,,,,,,,,,,,,,,,,,,,,,,,,
Apprentice Growth,1,,,TRUE,,,,,,0,0,300,,,,,,,,,,,0,,,,,,700,4000,200,300,,,,,Apprentice Growth aura,,,,,TRUE,,,,,,TID_INFO_TARGET_TYPE_GROUND_AND_AIR,,,,,,200,,,,,,,,,,,,,Enemy Apprentice growth aura,,,,,,,,,,,,,,,,,,,,,,,,,,,,,,,,,,,,,,,,,,,,,,,,,,,,,,,,,,,,,,,,
,2,,,,,,,,,,,,,,,,,,,,,,,,,,,,,,,,,,,,,,,,,,,,,,,,,,,,,220,,,,,,,,,,,,,,,,,,,,,,,,,,,,,,,,,,,,,,,,,,,,,,,,,,,,,,,,,,,,,,,,,,,,,,,,,,,,,
,3,,,,,,,,,,,,,,,,,,,,,,,,,,,,,,,,,,,,,,,,,,,,,,,,,,,,,240,,,,,,,,,,,,,,,,,,,,,,,,,,,,,,,,,,,,,,,,,,,,,,,,,,,,,,,,,,,,,,,,,,,,,,,,,,,,,
,4,,,,,,,,,,,,,,,,,,,,,,,,,,,,,,,,,,,,,,,,,,,,,,,,,,,,,260,,,,,,,,,,,,,,,,,,,,,,,,,,,,,,,,,,,,,,,,,,,,,,,,,,,,,,,,,,,,,,,,,,,,,,,,,,,,,
PetJump,1,,,TRUE,,,,,,0,0,400,,,,,,,100,400,,,,,,,,,350,33,400,300,,,,,Jump deploy top pet,,,,,TRUE,,,,,,TID_INFO_TARGET_TYPE_GROUND,,,,,,,,,,,,,,,,,,,,,,,,,,,,,,,,,,,,,,,,,,,,,,,,,,,,,,,,,,,,,,,,,,,,,,,,,,,,,,,,,,,
PetSpeedUp,1,,,TRUE,,,,,,0,0,400,,,,500,16,8,,,,,,,,,,,900,4000,200,300,,,,,Growth aura,,,,,TRUE,,,,,,TID_INFO_TARGET_TYPE_GROUND_AND_AIR,,,,,,,,,,,10,,,TRUE,,,,,,,,,,,,,,,,,,,,,,,,,,,,,,,,,,,,,,,,,,,,,,,,,,,,,,,,,,,,,,,,,,,,,
FireSpiritBurn,1,,,TRUE,,,,,,0,0,500,,,,500,0,0,,,,,6,,,,,,80,25,0,400,,,,,FireSpiritEmbers,,,,,TRUE,,,,,,,,,,,,,,,100,FALSE,,FALSE,TRUE,,,,,,,,,,,,,,,,,,,,,,,,,,,,,,,,,,,,,,,,,,,,,,,,,,,TRUE,,,,,TRUE,,,,,,,,,,,,,,
,2,,,,,,,,,,,,,,,,,,,,,,7,,,,,,,,,,,,,,,,,,,,,,,,,,,,,,,,,,120,,,,,,,,,,,,,,,,,,,,,,,,,,,,,,,,,,,,,,,,,,,,,,,,,,,,,,,,,,,,,,,,,,,,,,,,,,
,3,,,,,,,,,,,,,,,,,,,,,,8,,,,,,,,,,,,,,,,,,,,,,,,,,,,,,,,,,135,,,,,,,,,,,,,,,,,,,,,,,,,,,,,,,,,,,,,,,,,,,,,,,,,,,,,,,,,,,,,,,,,,,,,,,,,,
,4,,,,,,,,,,,,,,,,,,,,,,9,,,,,,,,,,,,,,,,,,,,,,,,,,,,,,,,,,150,,,,,,,,,,,,,,,,,,,,,,,,,,,,,,,,,,,,,,,,,,,,,,,,,,,,,,,,,,,,,,,,,,,,,,,,,,
TreantWallDamageAura,1,,,TRUE,,,,,,,,500,,,,,,,,,,,4000,,,,,,75,4000,0,400,,,,,,,,,,,,,,,,TID_INFO_TARGET_TYPE_GROUND_AND_AIR,,,25,,,,,,,,,,,TRUE,,,,,,,,,,,,,,,,,,,,,,,,,,,,,,,,,,,,,,,,,,,,,,,,,TRUE,,TRUE,TRUE,TRUE,TRUE,,TRUE,TRUE,,,,,,,,,,,,
SiegeInvisibility,1,,,TRUE,,,,,,0,0,400,,,,,,,,,,,,,,,,,600,4000,0,300,,,,,Invisibility area Siege,,,,,TRUE,,,,,,TID_INFO_TARGET_TYPE_GROUND_AND_AIR,,,,,,,,,,,,,,,,,,,,,,,,,,,,,,,,,,,,,,600,,,,,,,,,,,,,,,,,,,,,,,,,,,TRUE,,TRUE,TRUE,TRUE,TRUE,,,,,,,,,,,,,
Overgrowth,1,TID_SPELL_OVERGROWTH,TID_SPELL_OVERGROWTH_INFO,,6,1,6,2,360,800,300,400,132,DarkElixir,62500,,,,,,,,,,,,,,600,1,400,0,sc/ui.sc,icon_spell_overgrowth,icon_spell_overgrowth,Entangle_predeploy,Entangle_area_deploy,,entangle_spell_circle_radius,,,TRUE,22000,,,1600,Mini Spell Factory,TID_INFO_TARGET_TYPE_GROUND,,,,,,,,,,,,,,,,22000,100,,,,,,,,,,,,,,,,,,,,,22000,22000,,,,,,,,,,,,,,,,,,,,,,,,,TRUE,TRUE,TRUE,,,TRUE,,,,,,SpellOvergrowth,OvergrowthGrass,40,TRUE,,,,,
,2,,,,,10,,,,,,,216,,125000,,,,,,,,,,,,,,,,,,,,,,,,entangle_spell_circle_radius_lvl2,,,,23000,,,1700,,,,,,,,,,,,,,,,,,23000,,,,,,,,,,,,,,,,,,,,,,23000,23000,,,,,,,,,,,,,,,,,,,,,,,,,,,,,,,,,,,,,,,,,,,,
,3,,,,,12,,,,,,,264,,175000,,,,,,,,,,,,,,,,,,,,,,,,entangle_spell_circle_radius_lvl3,,,,24000,,,1900,,,,,,,,,,,,,,,,,,24000,,,,,,,,,,,,,,,,,,,,,,24000,24000,,,,,,,,,,,,,,,,,,,,,,,,,,,,,,,,,,,,,,,,,,,,
,4,,,,,14,,,,,,,,,,,,,,,,,,,,,,,,,,,,,,,,,entangle_spell_circle_radius_lvl4,,,,25000,,,2100,,,,,,,,,,,,,,,,,,25000,,,,,,,,,,,,,,,,,,,,,,25000,25000,,,,,,,,,,,,,,,,,,,,,,,,,,,,,,,,,,,,,,,,,,,,
GWHeroicTorchSpell,1,,,TRUE,,,,,,0,0,0,,,,,,,,,,,,,,,,,900,1,0,0,,,,,HeroicJumpEffect,,,,,,,,,,,TID_PREFERRED_TARGET_ANY,,,,,,,,,,,,,,TRUE,,,,,,,,,,,,,,,,,,,,,,,,,,,,,,,GWHeroicTorchGivenAbility,1,,,,,,,,,,,,,,,,,,,,,TRUE,TRUE,TRUE,TRUE,,,,,,,,,,,,,
,2,,,,,,,,,,,,,,,,,,,,,,,,,,,,,,,,,,,,HeroicJumpEffect,,,,,,,,,,,,,,,,,,,,,,,,,,,,,,,,,,,,,,,,,,,,,,,,,,,,,,,,,2,,,,,,,,,,,,,,,,,,,,,,,,,,,,,,,,,,,,,
,3,,,,,,,,,,,,,,,,,,,,,,,,,,,,,,,,,,,,HeroicJumpEffect,,,,,,,,,,,,,,,,,,,,,,,,,,,,,,,,,,,,,,,,,,,,,,,,,,,,,,,,,3,,,,,,,,,,,,,,,,,,,,,,,,,,,,,,,,,,,,,
,4,,,,,,,,,,,,,,,,,,,,,,,,,,,,,,,,,,,,HeroicJumpEffect,,,,,,,,,,,,,,,,,,,,,,,,,,,,,,,,,,,,,,,,,,,,,,,,,,,,,,,,,4,,,,,,,,,,,,,,,,,,,,,,,,,,,,,,,,,,,,,
,5,,,,,,,,,,,,,,,,,,,,,,,,,,,,,,,,,,,,HeroicJumpEffect,,,,,,,,,,,,,,,,,,,,,,,,,,,,,,,,,,,,,,,,,,,,,,,,,,,,,,,,,5,,,,,,,,,,,,,,,,,,,,,,,,,,,,,,,,,,,,,
,6,,,,,,,,,,,,,,,,,,,,,,,,,,,,,,,,,,,,HeroicJumpEffect,,,,,,,,,,,,,,,,,,,,,,,,,,,,,,,,,,,,,,,,,,,,,,,,,,,,,,,,,6,,,,,,,,,,,,,,,,,,,,,,,,,,,,,,,,,,,,,
,7,,,,,,,,,,,,,,,,,,,,,,,,,,,,,,,,,,,,HeroicJumpEffect,,,,,,,,,,,,,,,,,,,,,,,,,,,,,,,,,,,,,,,,,,,,,,,,,,,,,,,,,7,,,,,,,,,,,,,,,,,,,,,,,,,,,,,,,,,,,,,
,8,,,,,,,,,,,,,,,,,,,,,,,,,,,,,,,,,,,,HeroicJumpEffect,,,,,,,,,,,,,,,,,,,,,,,,,,,,,,,,,,,,,,,,,,,,,,,,,,,,,,,,,8,,,,,,,,,,,,,,,,,,,,,,,,,,,,,,,,,,,,,
,9,,,,,,,,,,,,,,,,,,,,,,,,,,,,,,,,,,,,HeroicJumpEffect,,,,,,,,,,,,,,,,,,,,,,,,,,,,,,,,,,,,,,,,,,,,,,,,,,,,,,,,,9,,,,,,,,,,,,,,,,,,,,,,,,,,,,,,,,,,,,,
,10,,,,,,,,,,,,,,,,,,,,,,,,,,,,,,,,,,,,HeroicJumpEffect,,,,,,,,,,,,,,,,,,,,,,,,,,,,,,,,,,,,,,,,,,,,,,,,,,,,,,,,,10,,,,,,,,,,,,,,,,,,,,,,,,,,,,,,,,,,,,,
Blizzard,1,TID_SPELL_FROST,TID_SPELL_FROST_INFO,TRUE,5,1,6,1,180,800,300,400,42,DarkElixir,26000,,,,,,,,5,,,,,,500,67,400,300,sc/ui.sc,icon_spell_cc_frost,icon_spell_freeze,Capital Frost Predeploy,Blizzard,,,,,TRUE,500,,,,Mini Spell Factory,TID_INFO_TARGET_TYPE_GROUND_AND_AIR,,,,,,,,,,,,,,TRUE,,,,,,,,,,,,,,,,,,,,,,,,,500,,70,,,,,,,,,,,,,,,,,,,,,,TRUE,,,,,TRUE,TRUE,,,,,,,,,,,,,,
BagOfFrostmites,1,TID_SPELL_BAG_OF_FROSTMITES,TID_SPELL_BAG_OF_FROSTMITES_INFO,,1,1,6,1,180,300,0,300,,Elixir,,0,0,0,,,,,0,,,,,,350,1,200,300,sc/ui.sc,icon_spell_frostmitebag,icon_spell_frostmitebag,Frostmites Spell Predeploy,BagOfFrostmitesEffect,,,,,,1500,,,,Spell Forge,TID_PREFERRED_TARGET_ANY,,,,,,,,,,,,,,,,,,,,,,,BouncingFrostmite,8,1,,,4000,1,,TRUE,,TRUE,,,6,,,1000,,,,,,,,,,,,,,,,,,,,,,,,,,,,,,,,,,,,SpellFrostmites,,,,,,,,
,2,,,,,,,,,,,,,,,,,,,,,,,,,,,,,,,,,,,,BagOfFrostmitesEffect2,,,,,,1700,,,,,,,,,,,,,,,,,,,,,,,,,,,,,9,,,,4700,,,,,,,,7,,,1200,,,,,,,,,,,,,,,,,,,,,,,,,,,,,,,,,,,,,,,,,,,,
,3,,,,,,,,,,,,,,,,,,,,,,,,,,,,,,,,,,,,BagOfFrostmitesEffect3,,,,,,1900,,,,,,,,,,,,,,,,,,,,,,,,,,,,,10,,,,5400,,,,,,,,8,,,1400,,,,,,,,,,,,,,,,,,,,,,,,,,,,,,,,,,,,,,,,,,,,
,4,,,,,,,,,,,,,,,,,,,,,,,,,,,,,,,,,,,,BagOfFrostmitesEffect4,,,,,,2100,,,,,,,,,,,,,,,,,,,,,,,,,,,,,11,,,,6100,,,,,,,,9,,,1600,,,,,,,,,,,,,,,,,,,,,,,,,,,,,,,,,,,,,,,,,,,,
,5,,,,,,,,,,,,,,,,,,,,,,,,,,,,,,,,,,,,BagOfFrostmitesEffect5,,,,,,2300,,,,,,,,,,,,,,,,,,,,,,,,,,,,,12,,,,6800,,,,,,,,10,,,1800,,,,,,,,,,,,,,,,,,,,,,,,,,,,,,,,,,,,,,,,,,,,
,6,,,,,,,,,,,,,,,,,,,,,,,,,,,,,,,,,,,,BagOfFrostmitesEffect6,,,,,,2500,,,,,,,,,,,,,,,,,,,,,,,,,,,,,13,,,,7500,,,,,,,,11,,,2000,,,,,,,,,,,,,,,,,,,,,,,,,,,,,,,,,,,,,,,,,,,,
,7,,,,,,,,,,,,,,,,,,,,,,,,,,,,,,,,,,,,BagOfFrostmitesEffect7,,,,,,2700,,,,,,,,,,,,,,,,,,,,,,,,,,,,,14,,,,8000,,,,,,,,12,,,2200,,,,,,,,,,,,,,,,,,,,,,,,,,,,,,,,,,,,,,,,,,,,
,8,,,,,,,,,,,,,,,,,,,,,,,,,,,,,,,,,,,,BagOfFrostmitesEffect8,,,,,,2900,,,,,,,,,,,,,,,,,,,,,,,,,,,,,15,,,,8500,,,,,,,,13,,,2400,,,,,,,,,,,,,,,,,,,,,,,,,,,,,,,,,,,,,,,,,,,,
,9,,,,,,,,,,,,,,,,,,,,,,,,,,,,,,,,,,,,BagOfFrostmitesEffect9,,,,,,3100,,,,,,,,,,,,,,,,,,,,,,,,,,,,,16,,,,9000,,,,,,,,14,,,2600,,,,,,,,,,,,,,,,,,,,,,,,,,,,,,,,,,,,,,,,,,,,
,10,,,,,,,,,,,,,,,,,,,,,,,,,,,,,,,,,,,,BagOfFrostmitesEffect10,,,,,,3300,,,,,,,,,,,,,,,,,,,,,,,,,,,,,16,,,,9000,,,,,,,,15,,,2800,,,,,,,,,,,,,,,,,,,,,,,,,,,,,,,,,,,,,,,,,,,,
,11,,,,,,,,,,,,,,,,,,,,,,,,,,,,,,,,,,,,BagOfFrostmitesEffect11,,,,,,3500,,,,,,,,,,,,,,,,,,,,,,,,,,,,,16,,,,9000,,,,,,,,16,,,3000,,,,,,,,,,,,,,,,,,,,,,,,,,,,,,,,,,,,,,,,,,,,
TroopCatapultSummonTroop,1,,,TRUE,,,,,,0,0,0,,,,,,,,,,,0,,,,,,0,1,0,0,,,,,SuperBoar Deploy,,,,,TRUE,,,,,,TID_PREFERRED_TARGET_ANY,,,,,,,,,,,,,,,,,,,,,,,,1,1,,,0,0,,,,,,,,,,,,,,,,,,,,,,,,,,,,,,,,,,,,,,,,,,,,,,,,,,,,,,
LavaloonSpawnPup,1,,,TRUE,,,,,,0,0,0,,,,,,,,,,,0,,,,,,0,1,0,0,,,,,,,,,LavaloonAttackEffect,TRUE,,,,,,,,,,,,,,,,,,,,,,,,,,,,,Lavaloon Pup,1,1,,,0,0,,,,,,,,,,,,,,,,,,,,,,,,,,,,,,,,,,,,,,,,,,,,,,,,,,,,,,
,2,,,,,,,,,,,,,,,,,,,,,,,,,,,,,,,,,,,,,,,,,,,,,,,,,,,,,,,,,,,,,,,,,,,,,,,1,2,,,,,,,,,,,,,,,,,,,,,,,,,,,,,,,,,,,,,,,,,,,,,,,,,,,,,,,,,,
,3,,,,,,,,,,,,,,,,,,,,,,,,,,,,,,,,,,,,,,,,,,,,,,,,,,,,,,,,,,,,,,,,,,,,,,,1,3,,,,,,,,,,,,,,,,,,,,,,,,,,,,,,,,,,,,,,,,,,,,,,,,,,,,,,,,,,
,4,,,,,,,,,,,,,,,,,,,,,,,,,,,,,,,,,,,,,,,,,,,,,,,,,,,,,,,,,,,,,,,,,,,,,,,1,4,,,,,,,,,,,,,,,,,,,,,,,,,,,,,,,,,,,,,,,,,,,,,,,,,,,,,,,,,,
,5,,,,,,,,,,,,,,,,,,,,,,,,,,,,,,,,,,,,,,,,,,,,,,,,,,,,,,,,,,,,,,,,,,,,,,,1,5,,,,,,,,,,,,,,,,,,,,,,,,,,,,,,,,,,,,,,,,,,,,,,,,,,,,,,,,,,
,6,,,,,,,,,,,,,,,,,,,,,,,,,,,,,,,,,,,,,,,,,,,,,,,,,,,,,,,,,,,,,,,,,,,,,,,1,6,,,,,,,,,,,,,,,,,,,,,,,,,,,,,,,,,,,,,,,,,,,,,,,,,,,,,,,,,,
,7,,,,,,,,,,,,,,,,,,,,,,,,,,,,,,,,,,,,,,,,,,,,,,,,,,,,,,,,,,,,,,,,,,,,,,,1,7,,,,,,,,,,,,,,,,,,,,,,,,,,,,,,,,,,,,,,,,,,,,,,,,,,,,,,,,,,
,8,,,,,,,,,,,,,,,,,,,,,,,,,,,,,,,,,,,,,,,,,,,,,,,,,,,,,,,,,,,,,,,,,,,,,,,1,8,,,,,,,,,,,,,,,,,,,,,,,,,,,,,,,,,,,,,,,,,,,,,,,,,,,,,,,,,,
,9,,,,,,,,,,,,,,,,,,,,,,,,,,,,,,,,,,,,,,,,,,,,,,,,,,,,,,,,,,,,,,,,,,,,,,,1,9,,,,,,,,,,,,,,,,,,,,,,,,,,,,,,,,,,,,,,,,,,,,,,,,,,,,,,,,,,
,10,,,,,,,,,,,,,,,,,,,,,,,,,,,,,,,,,,,,,,,,,,,,,,,,,,,,,,,,,,,,,,,,,,,,,,,1,10,,,,,,,,,,,,,,,,,,,,,,,,,,,,,,,,,,,,,,,,,,,,,,,,,,,,,,,,,,
,11,,,,,,,,,,,,,,,,,,,,,,,,,,,,,,,,,,,,,,,,,,,,,,,,,,,,,,,,,,,,,,,,,,,,,,,1,11,,,,,,,,,,,,,,,,,,,,,,,,,,,,,,,,,,,,,,,,,,,,,,,,,,,,,,,,,,
Firecracker Explosion,1,,,TRUE,,,,,,0,0,0,,,,,,,,,,,90,,,,,,500,1,0,0,,,,,,,,,Ice Breaker Hit lvl1,TRUE,,,,,,,,,,,,,,,,,,,,,,,,,,,,,,,,,,,,,,,,,,,,,,90,,,20,,,,,,,,,,,,,,,,,,,,TRUE,,,,,,,,,,,,,,,,,,,,
,2,,,,,,,,,,,,,,,,,,,,,,117,,,,,,,,,,,,,,,,,,,,,,,,,,,,,,,,,,,,,,,,,,,,,,,,,,,,,,,,,,,,,,,,,,,,26,,,,,,,,,,,,,,,,,,,,,,,,,,,,,,,,,,,,,,,,
,3,,,,,,,,,,,,,,,,,,,,,,144,,,,,,,,,,,,,,,,,,,,,,,,,,,,,,,,,,,,,,,,,,,,,,,,,,,,,,,,,,,,,,,,,,,,32,,,,,,,,,,,,,,,,,,,,,,,,,,,,,,,,,,,,,,,,
,4,,,,,,,,,,,,,,,,,,,,,,171,,,,,,,,,,,,,,,,,,,,,,,,,,,,,,,,,,,,,,,,,,,,,,,,,,,,,,,,,,,,,,,,,,,,38,,,,,,,,,,,,,,,,,,,,,,,,,,,,,,,,,,,,,,,,
,5,,,,,,,,,,,,,,,,,,,,,,198,,,,,,,,,,,,,,,,,,,,,,,,,,,,,,,,,,,,,,,,,,,,,,,,,,,,,,,,,,,,,,,,,,,,44,,,,,,,,,,,,,,,,,,,,,,,,,,,,,,,,,,,,,,,,
,6,,,,,,,,,,,,,,,,,,,,,,225,,,,,,,,,,,,,,,,,,,,,,,,,,,,,,,,,,,,,,,,,,,,,,,,,,,,,,,,,,,,,,,,,,,,50,,,,,,,,,,,,,,,,,,,,,,,,,,,,,,,,,,,,,,,,
,7,,,,,,,,,,,,,,,,,,,,,,261,,,,,,,,,,,,,,,,,,,,,,,,,,,,,,,,,,,,,,,,,,,,,,,,,,,,,,,,,,,,,,,,,,,,58,,,,,,,,,,,,,,,,,,,,,,,,,,,,,,,,,,,,,,,,
,8,,,,,,,,,,,,,,,,,,,,,,279,,,,,,,,,,,,,,,,,,,,,,,,,,,,,,,,,,,,,,,,,,,,,,,,,,,,,,,,,,,,,,,,,,,,62,,,,,,,,,,,,,,,,,,,,,,,,,,,,,,,,,,,,,,,,
,9,,,,,,,,,,,,,,,,,,,,,,306,,,,,,,,,,,,,,,,,,,,,,,,,,,,,,,,,,,,,,,,,,,,,,,,,,,,,,,,,,,,,,,,,,,,68,,,,,,,,,,,,,,,,,,,,,,,,,,,,,,,,,,,,,,,,
,10,,,,,,,,,,,,,,,,,,,,,,342,,,,,,,,,,,,,,,,,,,,,,,,,,,,,,,,,,,,,,,,,,,,,,,,,,,,,,,,,,,,,,,,,,,,76,,,,,,,,,,,,,,,,,,,,,,,,,,,,,,,,,,,,,,,,
,11,,,,,,,,,,,,,,,,,,,,,,360,,,,,,,,,,,,,,,,,,,,,,,,,,,,,,,,,,,,,,,,,,,,,,,,,,,,,,,,,,,,,,,,,,,,80,,,,,,,,,,,,,,,,,,,,,,,,,,,,,,,,,,,,,,,,
,12,,,,,,,,,,,,,,,,,,,,,,378,,,,,,,,,,,,,,,,,,,,,,,,,,,,,,,,,,,,,,,,,,,,,,,,,,,,,,,,,,,,,,,,,,,,84,,,,,,,,,,,,,,,,,,,,,,,,,,,,,,,,,,,,,,,,
EarthquakeBoots,1,TID_EARTHQUAKE,TID_EARTHQUAKE_INFO,TRUE,,,,,,0,300,400,,,,,,,,,,,,,20,,,,800,5,0,400,,,,,Earthquake Boots Deploy,,,,,TRUE,,,,,,,,,,,,,,,,,,,,,,,,,,,,,,,,,,,,,,,,,,,,,,,,,,,,,,,,,,,,,,,,,,,,,,,,,,,,,,,TRUE,,,,,,,,,,
,2,,,,,,,,,,,,,,,,,,,,,,,,40,,,,,,,,,,,,,,,,,,,,,,,,,,,,,,,,,,,,,,,,,,,,,,,,,,,,,,,,,,,,,,,,,,,,,,,,,,,,,,,,,,,,,,,,,,,,,,,,,,,,,,,,,,
,3,,,,,,,,,,,,,,,,,,,,,,,,60,,,,,,,,,,,,,,,,,,,,,,,,,,,,,,,,,,,,,,,,,,,,,,,,,,,,,,,,,,,,,,,,,,,,,,,,,,,,,,,,,,,,,,,,,,,,,,,,,,,,,,,,,,
,4,,,,,,,,,,,,,,,,,,,,,,,,68,,,,,,,,,,,,,,,,,,,,,,,,,,,,,,,,,,,,,,,,,,,,,,,,,,,,,,,,,,,,,,,,,,,,,,,,,,,,,,,,,,,,,,,,,,,,,,,,,,,,,,,,,,
,5,,,,,,,,,,,,,,,,,,,,,,,,72,,,,,,,,,,,,,,,,,,,,,,,,,,,,,,,,,,,,,,,,,,,,,,,,,,,,,,,,,,,,,,,,,,,,,,,,,,,,,,,,,,,,,,,,,,,,,,,,,,,,,,,,,,
,6,,,,,,,,,,,,,,,,,,,,,,,,76,,,,,,,,,,,,,,,,,,,,,,,,,,,,,,,,,,,,,,,,,,,,,,,,,,,,,,,,,,,,,,,,,,,,,,,,,,,,,,,,,,,,,,,,,,,,,,,,,,,,,,,,,,
,7,,,,,,,,,,,,,,,,,,,,,,,,80,,,,,,,,,,,,,,,,,,,,,,,,,,,,,,,,,,,,,,,,,,,,,,,,,,,,,,,,,,,,,,,,,,,,,,,,,,,,,,,,,,,,,,,,,,,,,,,,,,,,,,,,,,
FireBallExplosion,1,,,TRUE,,,,,,0,300,500,,,,500,0,0,,,,,20,,,,,,600,75,0,400,,,,,Catapult Ground Effects,,Multi Mortar Area Effects,,,TRUE,,,,,,,,,,,,,,,80,TRUE,,FALSE,FALSE,,,,,,,,,,,,,,,,,,,,,,,,,,,,,,,,,,,,,,,,,,,,,,,,,,,TRUE,,,,,,,,,,,,,,,,,,,
RageAura,1,,,TRUE,,,,,,0,0,300,,,,1000,0,0,,,15,,,,,,,,900,4000,200,300,,,,,GWRageAuraEffect,,GWRageAuraEffectTop,,,TRUE,,,,,,TID_INFO_TARGET_TYPE_GROUND_AND_AIR,,,,,,,,,,,,,,,,,,,,,,,,,,,,,,,,,,,,,,,,,,,,,,,,,,,,,,,,,,,,,,,,,,,,,,,,,,,,,,,,,,,
,2,,,,,,,,,,,,,,,,,,,,20,,,,,,,,,,,,,,,,,,,,,,,,,,,,,,,,,,,,,,,,,,,,,,,,,,,,,,,,,,,,,,,,,,,,,,,,,,,,,,,,,,,,,,,,,,,,,,,,,,,,,,,,,,,,,,
,3,,,,,,,,,,,,,,,,,,,,25,,,,,,,,,,,,,,,,,,,,,,,,,,,,,,,,,,,,,,,,,,,,,,,,,,,,,,,,,,,,,,,,,,,,,,,,,,,,,,,,,,,,,,,,,,,,,,,,,,,,,,,,,,,,,,
,4,,,,,,,,,,,,,,,,,,,,30,,,,,,,,,,,,,,,,,,,,,,,,,,,,,,,,,,,,,,,,,,,,,,,,,,,,,,,,,,,,,,,,,,,,,,,,,,,,,,,,,,,,,,,,,,,,,,,,,,,,,,,,,,,,,,
,5,,,,,,,,,,,,,,,,,,,,35,,,,,,,,,,,,,,,,,,,,,,,,,,,,,,,,,,,,,,,,,,,,,,,,,,,,,,,,,,,,,,,,,,,,,,,,,,,,,,,,,,,,,,,,,,,,,,,,,,,,,,,,,,,,,,
,6,,,,,,,,,,,,,,,,,,,,45,,,,,,,,,,,,,,,,,,,,,,,,,,,,,,,,,,,,,,,,,,,,,,,,,,,,,,,,,,,,,,,,,,,,,,,,,,,,,,,,,,,,,,,,,,,,,,,,,,,,,,,,,,,,,,
,7,,,,,,,,,,,,,,,,,,,,50,,,,,,,,,,,,,,,,,,,,,,,,,,,,,,,,,,,,,,,,,,,,,,,,,,,,,,,,,,,,,,,,,,,,,,,,,,,,,,,,,,,,,,,,,,,,,,,,,,,,,,,,,,,,,,
QueenFreeze,1,,,TRUE,,,,,,0,300,400,,,,,,,,,,,,,,,,,50,1,0,0,,,,,FreezeArrowEffect,,,,,TRUE,800,,,,,,,,,,,,,,,,,,,,,,,,,,,,,,,,,,,,,,,,,,,,,,,,,,,,,,,,,,,,,,,,,,,,TRUE,,,,,,,,,,,,,,,,,,,,
ElectrifiedShield,1,,,TRUE,,,,,,0,0,100,,,,,,,,,,,150,,,,,,350,1,0,400,,,,,,,,Lightning Spell,ElectrifiedShieldHit,TRUE,100,,,,,,,,,,,,,,,,,,,,,,,,,,,,,,,,,,,,,,,,,,,,,,,,,,,,,,,,,,,,,,,,,,,,,,,,,,,,,,,,,,,,,,,,
BarbarianKingDestroyWalls,1,TID_RAM_RIDER_ABILITY_TITLE,TID_RAM_RIDER_ABILITY_INFO,TRUE,,,,,,,0,300,,,,0,0,0,,,,,0,,,,,,200,4000,0,100,,,,,,,,,,TRUE,,,,,,,,,,,,,,,,,,,,,,,,,,,,,,,,,,,,,,,,,,,,,,,,,,,,,,,,,,,,,,,,,,,,,,,,,,,,,,,TRUE,,,,,,,,,,
HealAura,1,,,TRUE,,,,,,0,0,300,,,,,,,,,,,-18,,,-60,,,900,4000,200,300,,,,,GWHealAuraEffect,,GWHealAuraEffectTop,,Heal spell,TRUE,,,,,,TID_INFO_TARGET_TYPE_GROUND_AND_AIR,,,,,,,,,,,,,,,,,,,,,,,,,,,,,,,,,,,,,,,,,,,,,,,,,,,,,,,,,,,,,,,,,,,,,,,,,,,,,,,,,,,
,2,,,,,,,,,,,,,,,,,,,,,,-21,,,,,,,,,,,,,,,,,,,,,,,,,,,,,,,,,,,,,,,,,,,,,,,,,,,,,,,,,,,,,,,,,,,,,,,,,,,,,,,,,,,,,,,,,,,,,,,,,,,,,,,,,,,,
,3,,,,,,,,,,,,,,,,,,,,,,-24,,,,,,,,,,,,,,,,,,,,,,,,,,,,,,,,,,,,,,,,,,,,,,,,,,,,,,,,,,,,,,,,,,,,,,,,,,,,,,,,,,,,,,,,,,,,,,,,,,,,,,,,,,,,
,4,,,,,,,,,,,,,,,,,,,,,,-30,,,,,,,,,,,,,,,,,,,,,,,,,,,,,,,,,,,,,,,,,,,,,,,,,,,,,,,,,,,,,,,,,,,,,,,,,,,,,,,,,,,,,,,,,,,,,,,,,,,,,,,,,,,,
,5,,,,,,,,,,,,,,,,,,,,,,-36,,,,,,,,,,,,,,,,,,,,,,,,,,,,,,,,,,,,,,,,,,,,,,,,,,,,,,,,,,,,,,,,,,,,,,,,,,,,,,,,,,,,,,,,,,,,,,,,,,,,,,,,,,,,
,6,,,,,,,,,,,,,,,,,,,,,,-42,,,,,,,,,,,,,,,,,,,,,,,,,,,,,,,,,,,,,,,,,,,,,,,,,,,,,,,,,,,,,,,,,,,,,,,,,,,,,,,,,,,,,,,,,,,,,,,,,,,,,,,,,,,,
,7,,,,,,,,,,,,,,,,,,,,,,-45,,,,,,,,,,,,,,,,,,,,,,,,,,,,,,,,,,,,,,,,,,,,,,,,,,,,,,,,,,,,,,,,,,,,,,,,,,,,,,,,,,,,,,,,,,,,,,,,,,,,,,,,,,,,
Yellow Card,1,TID_SPELL_YELLOW_CARD,TID_SPELL_YELLOW_CARD_INFO,,1,1,6,1,180,800,300,400,,Elixir,,,,,,,,,,,,,,,0,1,0,0,sc/ui.sc,icon_spell_suspension,icon_spell_suspension,Referee Whistle Effect,Yellow Card Effect,,,,,TRUE,15000,,,,Spell Forge,TID_INFO_TARGET_TYPE_DEFENSES_AND_HEROES,,,,,,,,,,,,,,,,,,,,,,,,,,,,,,,TRUE,,TRUE,,,6,,15000,15000,,,,,,,,,,,,,,,,,,,,,,,,,TRUE,TRUE,,,,TRUE,,,,,,SpellYellowCard,,,,300,Yellow Card Projectile,Red Card Effect,,
GWPhoenixStickSpell,1,,,TRUE,,,,,,0,0,0,,,,0,0,0,0,0,,,,,,,,,900,4000,0,300,,,,,ImmortalArea,,,,,,,,,,,TID_PREFERRED_TARGET_ANY,,,,,,,,,,,,,,,1750,0,0,,,,,,,,,,,,,,,,,,,,,,,,,,,,,,,,,,,,,,,,,,,,,,TRUE,,,,TRUE,TRUE,TRUE,TRUE,,,,,,,,,,,,,
,2,,,,,,,,,,,,,,,,,,,,,,,,,,,,,,,,,,,,,,,,,,,,,,,,,,,,,,,,,,,,,,2000,,,,,,,,,,,,,,,,,,,,,,,,,,,,,,,,,,,,,,,,,,,,,,,,,,,,,,,,,,,,,,,,,,,,
,3,,,,,,,,,,,,,,,,,,,,,,,,,,,,,,,,,,,,,,,,,,,,,,,,,,,,,,,,,,,,,,2250,,,,,,,,,,,,,,,,,,,,,,,,,,,,,,,,,,,,,,,,,,,,,,,,,,,,,,,,,,,,,,,,,,,,
,4,,,,,,,,,,,,,,,,,,,,,,,,,,,,,,,,,,,,,,,,,,,,,,,,,,,,,,,,,,,,,,2500,,,,,,,,,,,,,,,,,,,,,,,,,,,,,,,,,,,,,,,,,,,,,,,,,,,,,,,,,,,,,,,,,,,,
,5,,,,,,,,,,,,,,,,,,,,,,,,,,,,,,,,,,,,,,,,,,,,,,,,,,,,,,,,,,,,,,2750,,,,,,,,,,,,,,,,,,,,,,,,,,,,,,,,,,,,,,,,,,,,,,,,,,,,,,,,,,,,,,,,,,,,
,6,,,,,,,,,,,,,,,,,,,,,,,,,,,,,,,,,,,,,,,,,,,,,,,,,,,,,,,,,,,,,,3000,,,,,,,,,,,,,,,,,,,,,,,,,,,,,,,,,,,,,,,,,,,,,,,,,,,,,,,,,,,,,,,,,,,,
,7,,,,,,,,,,,,,,,,,,,,,,,,,,,,,,,,,,,,,,,,,,,,,,,,,,,,,,,,,,,,,,3250,,,,,,,,,,,,,,,,,,,,,,,,,,,,,,,,,,,,,,,,,,,,,,,,,,,,,,,,,,,,,,,,,,,,
,8,,,,,,,,,,,,,,,,,,,,,,,,,,,,,,,,,,,,,,,,,,,,,,,,,,,,,,,,,,,,,,3500,,,,,,,,,,,,,,,,,,,,,,,,,,,,,,,,,,,,,,,,,,,,,,,,,,,,,,,,,,,,,,,,,,,,
,9,,,,,,,,,,,,,,,,,,,,,,,,,,,,,,,,,,,,,,,,,,,,,,,,,,,,,,,,,,,,,,3750,,,,,,,,,,,,,,,,,,,,,,,,,,,,,,,,,,,,,,,,,,,,,,,,,,,,,,,,,,,,,,,,,,,,
,10,,,,,,,,,,,,,,,,,,,,,,,,,,,,,,,,,,,,,,,,,,,,,,,,,,,,,,,,,,,,,,4000,,,,,,,,,,,,,,,,,,,,,,,,,,,,,,,,,,,,,,,,,,,,,,,,,,,,,,,,,,,,,,,,,,,,
BattleDruidHeal,1,TID_HEALING_WAVE,TID_HEALING_WAVE_INFO,TRUE,,,,,,0,0,400,,,,,,,,,,,-25,,,,,,350,20,200,300,sc/ui.sc,icon_spell_healing,icon_spell_healing,,BattleDruidHealingEffect,,,,,TRUE,,,,,,,,,,,,,,,,,,,,,,,,,,,,,,,,,,,,,,,,,,,,,,,,,,,,,,,,,,,,,,,,,,,,,,,,,,,,,,,,,,,,,,,,,
RCDamageAura,1,,,TRUE,,,,,,,,400,,,,,,,,,,,53,,,,,,450,4000,0,400,,,,,HeroGear_RC_ElectroBoots,,,,,,,,,0,,TID_INFO_TARGET_TYPE_GROUND_AND_AIR,,,25,,,,,,,,,,,TRUE,,,,,,,,,,,,,,,,,,,,,,,,,,,,,,,,,,,,,,,,,,,,,,,,,TRUE,,,,,,TRUE,,,,,,,,,,,,,,
,2,,,,,,,,,,,,,,,,,,,,,,56,,,,,,,,,,,,,,HeroGear_RC_ElectroBoots,,,,,,,,,,,,,,,,,,,,,,,,,,,,,,,,,,,,,,,,,,,,,,,,,,,,,,,,,,,,,,,,,,,,,,,,,,,,,,,,,,,,,,,,,,,,,,
,3,,,,,,,,,,,,,,,,,,,,,,59,,,,,,,,,,,,,,HeroGear_RC_ElectroBoots,,,,,,,,,,,,,,,,,,,,,,,,,,,,,,,,,,,,,,,,,,,,,,,,,,,,,,,,,,,,,,,,,,,,,,,,,,,,,,,,,,,,,,,,,,,,,,
,4,,,,,,,,,,,,,,,,,,,,,,62,,,,,,,,,,,,,,HeroGear_RC_ElectroBoots,,,,,,,,,,,,,,,,,,,,,,,,,,,,,,,,,,,,,,,,,,,,,,,,,,,,,,,,,,,,,,,,,,,,,,,,,,,,,,,,,,,,,,,,,,,,,,
,5,,,,,,,,,,,,,,,,,,,,,,65,,,,,,,,,,,,,,HeroGear_RC_ElectroBoots,,,,,,,,,,,,,,,,,,,,,,,,,,,,,,,,,,,,,,,,,,,,,,,,,,,,,,,,,,,,,,,,,,,,,,,,,,,,,,,,,,,,,,,,,,,,,,
,6,,,,,,,,,,,,,,,,,,,,,,68,,,,,,,,,,,,,,HeroGear_RC_ElectroBoots,,,,,,,,,,,,,,,,,,,,,,,,,,,,,,,,,,,,,,,,,,,,,,,,,,,,,,,,,,,,,,,,,,,,,,,,,,,,,,,,,,,,,,,,,,,,,,
,7,,,,,,,,,,,,,,,,,,,,,,71,,,,,,,,,,,,,,HeroGear_RC_ElectroBoots,,,,,,,,,,,,,,,,,,,,,,,,,,,,,,,,,,,,,,,,,,,,,,,,,,,,,,,,,,,,,,,,,,,,,,,,,,,,,,,,,,,,,,,,,,,,,,
,8,,,,,,,,,,,,,,,,,,,,,,74,,,,,,,,,,,,,,HeroGear_RC_ElectroBoots,,,,,,,,,,,,,,,,,,,,,,,,,,,,,,,,,,,,,,,,,,,,,,,,,,,,,,,,,,,,,,,,,,,,,,,,,,,,,,,,,,,,,,,,,,,,,,
,9,,,,,,,,,,,,,,,,,,,,,,77,,,,,,,,,,,,,,HeroGear_RC_ElectroBoots,,,,,,,,,,,,,,,,,,,,,,,,,,,,,,,,,,,,,,,,,,,,,,,,,,,,,,,,,,,,,,,,,,,,,,,,,,,,,,,,,,,,,,,,,,,,,,
,10,,,,,,,,,,,,,,,,,,,,,,80,,,,,,,,,,,,,,HeroGear_RC_ElectroBoots,,,,,,,,,,,,,,,,,,,,,,,,,,,,,,,,,,,,,,,,,,,,,,,,,,,,,,,,,,,,,,,,,,,,,,,,,,,,,,,,,,,,,,,,,,,,,,
GWLavaloonSpawnPup,1,,,TRUE,,,,,,0,0,0,,,,,,,,,,,0,,,,,,0,1,0,0,,,,,,,,,LavaloonAttackEffect,TRUE,,,,,,,,,,,,,,,,,,,,,,,,,,,,,GW equipment Lavaloon Pup,1,1,,,0,0,,,,,,,,,,,,,,,,,,,,,,,,,,,,,,,,,,,,,,,,,,,,,,,,,,,,,,
,2,,,,,,,,,,,,,,,,,,,,,,,,,,,,,,,,,,,,,,,,,,,,,,,,,,,,,,,,,,,,,,,,,,,,,,,1,2,,,,,,,,,,,,,,,,,,,,,,,,,,,,,,,,,,,,,,,,,,,,,,,,,,,,,,,,,,
,3,,,,,,,,,,,,,,,,,,,,,,,,,,,,,,,,,,,,,,,,,,,,,,,,,,,,,,,,,,,,,,,,,,,,,,,1,3,,,,,,,,,,,,,,,,,,,,,,,,,,,,,,,,,,,,,,,,,,,,,,,,,,,,,,,,,,
,4,,,,,,,,,,,,,,,,,,,,,,,,,,,,,,,,,,,,,,,,,,,,,,,,,,,,,,,,,,,,,,,,,,,,,,,1,4,,,,,,,,,,,,,,,,,,,,,,,,,,,,,,,,,,,,,,,,,,,,,,,,,,,,,,,,,,
,5,,,,,,,,,,,,,,,,,,,,,,,,,,,,,,,,,,,,,,,,,,,,,,,,,,,,,,,,,,,,,,,,,,,,,,,1,5,,,,,,,,,,,,,,,,,,,,,,,,,,,,,,,,,,,,,,,,,,,,,,,,,,,,,,,,,,
,6,,,,,,,,,,,,,,,,,,,,,,,,,,,,,,,,,,,,,,,,,,,,,,,,,,,,,,,,,,,,,,,,,,,,,,,1,6,,,,,,,,,,,,,,,,,,,,,,,,,,,,,,,,,,,,,,,,,,,,,,,,,,,,,,,,,,
,7,,,,,,,,,,,,,,,,,,,,,,,,,,,,,,,,,,,,,,,,,,,,,,,,,,,,,,,,,,,,,,,,,,,,,,,1,7,,,,,,,,,,,,,,,,,,,,,,,,,,,,,,,,,,,,,,,,,,,,,,,,,,,,,,,,,,
,8,,,,,,,,,,,,,,,,,,,,,,,,,,,,,,,,,,,,,,,,,,,,,,,,,,,,,,,,,,,,,,,,,,,,,,,1,8,,,,,,,,,,,,,,,,,,,,,,,,,,,,,,,,,,,,,,,,,,,,,,,,,,,,,,,,,,
,9,,,,,,,,,,,,,,,,,,,,,,,,,,,,,,,,,,,,,,,,,,,,,,,,,,,,,,,,,,,,,,,,,,,,,,,1,9,,,,,,,,,,,,,,,,,,,,,,,,,,,,,,,,,,,,,,,,,,,,,,,,,,,,,,,,,,
,10,,,,,,,,,,,,,,,,,,,,,,,,,,,,,,,,,,,,,,,,,,,,,,,,,,,,,,,,,,,,,,,,,,,,,,,1,10,,,,,,,,,,,,,,,,,,,,,,,,,,,,,,,,,,,,,,,,,,,,,,,,,,,,,,,,,,
,11,,,,,,,,,,,,,,,,,,,,,,,,,,,,,,,,,,,,,,,,,,,,,,,,,,,,,,,,,,,,,,,,,,,,,,,1,11,,,,,,,,,,,,,,,,,,,,,,,,,,,,,,,,,,,,,,,,,,,,,,,,,,,,,,,,,,
IceMinionFreeze,1,,,TRUE,,,,,,0,300,400,,,,,,,,,,,,,,,,,450,1,0,0,,,,,IceMinionFreeze deploy lvl1,,IceMinion Freeze Deploy2,,,TRUE,1500,,,,,,,,,,,,,,,,,,,,,,,,,,,,,,,,,,,,,,,,,,,,863,,,,,,,,,,,,,,,,,,,,,,,,,,,,,,,,,,,,,,,,,,,,
,2,,,,,,,,,,,,,,,,,,,,,,,,,,,,450,1,0,0,,,,,IceMinionFreeze deploy lvl2,,IceMinion Freeze Deploy2,,,,2500,,,,,,,,,,,,,,,,,,,,,,,,,,,,,,,,,,,,,,,,,,,,1294,,,,,,,,,,,,,,,,,,,,,,,,,,,,,,,,,,,,,,,,,,,,
Commander Aura,1,,,TRUE,,,,,,0,0,300,,,,,,,,,,,0,,,,,,500,4000,,300,,,,,Apprentice Growth aura,,,,,,,,,,,TID_INFO_TARGET_TYPE_GROUND_AND_AIR,,,,,,,,,,,,,,,,,,,,,,,,,,,,,,,,,,,,,,,,,,,,,,,,,,,,,,,,,,,,,,,FALSE,,,,,,,,,,,,,,,,,,,TRUE,
TroopCatapultSummonTroopNew,1,,,TRUE,,,,,,0,0,0,,,,,,,,,,,0,,,,,,0,1,0,0,,,,,,,,,,TRUE,,,,,,TID_PREFERRED_TARGET_ANY,,,,,,,,,,,,,,,,,,,,,,,Giant;Barbarian;Archer;Wall Breaker,1;2;3;1,9;9;9;9,,,200;1000;1500;1200,1;1;1;1,,,,,,,,,,,,,,,,,,,,,,,,,,,,,,,,,,,,,,,,,,,,,,,,,,,,,,
,2,,,,,,,,,,,,,,,,,,,,,,,,,,,,,,,,,,,,,,,,,,,,,,,,,,,,,,,,,,,,,,,,,,,,,,,1;2;3;2,10;10;10;10,,,,,,,,,,,,,,,,,,,,,,,,,,,,,,,,,,,,,,,,,,,,,,,,,,,,,,,,,,
,3,,,,,,,,,,,,,,,,,,,,,,,,,,,,,,,,,,,,,,,,,,,,,,,,,,,,,,,,,,,,,,,,,,,,,,,1;2;4;2,11;11;11;11,,,,,,,,,,,,,,,,,,,,,,,,,,,,,,,,,,,,,,,,,,,,,,,,,,,,,,,,,,
,4,,,,,,,,,,,,,,,,,,,,,,,,,,,,,,,,,,,,,,,,,,,,,,,,,,,,,,,,,,,,,,,,,,,,,,,1;2;4;2,12;12;12;12,,,,,,,,,,,,,,,,,,,,,,,,,,,,,,,,,,,,,,,,,,,,,,,,,,,,,,,,,,
TorchThrowerB,1,,,TRUE,,,,,,0,300,500,,,,,,,,,,,60,,,,,,250,25,0,400,,,,,TorchThrowerB,,,,,TRUE,,,,,,,,,,,,,,,,,,,,,,,,,,,,,,,,,,,,,,,,,,,,,,,,,,,,,,,,,,,,,,,,,,,,,,,,,,,TRUE,,,,,,,,,,,,,,
Destroyer,1,,,TRUE,,,,,,,,400,,,,,,,,,,,120,,,,,,500,4000,0,400,,,,,E_titanAreaDamage,,,,,,,,,0,,TID_INFO_TARGET_TYPE_GROUND_AND_AIR,,,,,,,,,,,,,,TRUE,,,,,,,,,,,,,,,,,,,,,,,,,,,,,,,,,,,,,,,,,,,,,,,,,TRUE,,,,,,TRUE,,,,,,,,,,,,,,
Unused12,1,,,TRUE,,,,,,0,0,0,,,,,,,,,,,,,,,,,150,1,200,300,,,,,SuperBoar Deploy,,,,,TRUE,,,,,,TID_PREFERRED_TARGET_ANY,,,,,,,,,,,,,,,,,,,,,,,Barbarian,2,10,,,1000,1,,,,,,,,,,,,,,,,,,,,,,,,,,,,,,,,,,,,,,,,,,,,,,,,,,,,,,
Unused13,1,,,TRUE,,,,,,0,0,500,,,,,,,,,,,,,,,,,150,1,200,300,,,,,SuperBoar Deploy,,,,,TRUE,,,,,,TID_PREFERRED_TARGET_ANY,,,,,,,,,,,,,,,,,,,,,,,Archer,3,10,,,1500,1,,,,,,,,,,,,,,,,,,,,,,,,,,,,,,,,,,,,,,,,,,,,,,,,,,,,,,
Unused14,1,,,TRUE,,,,,,0,0,500,,,,,,,,,,,,,,,,,150,1,200,300,,,,,SuperBoar Deploy,,,,,TRUE,,,,,,TID_PREFERRED_TARGET_ANY,,,,,,,,,,,,,,,,,,,,,,,Wall Breaker,1,10,,,1200,1,,,,,,,,,,,,,,,,,,,,,,,,,,,,,,,,,,,,,,,,,,,,,,,,,,,,,,
Resurrect,1,TID_SPELL_RESURRECT,TID_SPELL_RESURRECT_INFO,TRUE,6,1,6,2,360,100,300,400,,DarkElixir,,,,,,,,,,,,,,,500,40,0,300,sc/ui.sc,icon_unit_pet_phoenix,icon_spell_healing,Heal predeploy,ResurrectSpell,,,,,,,,,1600,Mini Spell Factory,TID_PREFERRED_TARGET_ANY,,,,,,,,,,,,,,,3000,,,,,,,,,,,,,,,,,,,,,,,,,,,,,,,,,,,,,,,,,,,,,,,,TRUE,,,,TRUE,TRUE,TRUE,TRUE,,,,,SpellResurrect,,,,,,,,
Revive,1,TID_SPELL_REVIVE,TID_SPELL_REVIVE_INFO,,8,1,6,2,360,800,300,400,240,Elixir,18000000,,,,,,,,,,,,,,0,1,0,0,sc/ui.sc,icon_spell_hero_revive,icon_spell_hero_revive,hero_revive_bottle_effect,hero_revive_top_layer,,hero_revive_ground_layer,,,TRUE,,,,,Spell Forge,TID_PLAYER_PROFILE_HEROES,,,,,,,,,,,,,,,,,,,,,,,,,,,,,,,,,,,,,,,,,,,,,,,,,,,,,,,,,,,,,,,,,TRUE,,TRUE,,TRUE,TRUE,,,,,SpellRevive,,,,800,Hero Revive Projectile,,,60
,2,,,,,13,,,,,,,336,,20000000,,,,,,,,,,,,,,,,,,,,,,,,,,,,,,,,,,,,,,,,,,,,,,,,,,,,,,,,,,,,,,,,,,,,,,,,,,,,,,,,,,,,,,,,,,,,,,,,,,,,,,,,,,,,,,,,,,,,65
,3,,,,,14,,,,,,,384,,22000000,,,,,,,,,,,,,,,,,,,,,,,,,,,,,,,,,,,,,,,,,,,,,,,,,,,,,,,,,,,,,,,,,,,,,,,,,,,,,,,,,,,,,,,,,,,,,,,,,,,,,,,,,,,,,,,,,,,,70
,4,,,,,15,,,,,,,,,,,,,,,,,,,,,,,,,,,,,,,,,,,,,,,,,,,,,,,,,,,,,,,,,,,,,,,,,,,,,,,,,,,,,,,,,,,,,,,,,,,,,,,,,,,,,,,,,,,,,,,,,,,,,,,,,,,,,75
TH17WeaponAreaDamage,1,,,TRUE,,,,,,0,0,0,,,,500,,,,,,,,,,,,,250,17,0,400,,,,,TH17AreaDmgEffect,,,,,TRUE,,,,,,,,,,,,,,,75,FALSE,,TRUE,TRUE,,,,,,,,,,,,,,,,,,,,,,,,,,,,,,,,,,,,,,,,,,,,,,,,,,TRUE,TRUE,,,TRUE,TRUE,TRUE,TRUE,,,,,,,,,,,,,
BarbKingEquipSpawn,1,,,TRUE,,,,,,0,0,0,,,,,,,,,,,0,,,,,,200,1,150,0,,,,,Snake Summon,,,,,,,,,,,TID_PREFERRED_TARGET_ANY,,,,,,,,,,,,,,,,,,,,,,,BarbKingEquipSnake,1,1,,,100,1,,,,,,,,,,,,,,,,,,,,,,,,,,,,,,,,,,,,,,,,,,,,,,,,,,,,,,
,2,,,,,,,,,,,,,,,,,,,,,,,,,,,,,,,,,,,,,,,,,,,,,,,,,,,,,,,,,,,,,,,,,,,,,,,,2,,,,,,,,,,,,,,,,,,,,,,,,,,,,,,,,,,,,,,,,,,,,,,,,,,,,,,,,,,
,3,,,,,,,,,,,,,,,,,,,,,,,,,,,,,,,,,,,,,,,,,,,,,,,,,,,,,,,,,,,,,,,,,,,,,,,,3,,,,,,,,,,,,,,,,,,,,,,,,,,,,,,,,,,,,,,,,,,,,,,,,,,,,,,,,,,
,4,,,,,,,,,,,,,,,,,,,,,,,,,,,,,,,,,,,,,,,,,,,,,,,,,,,,,,,,,,,,,,,,,,,,,,,,4,,,,,,,,,,,,,,,,,,,,,,,,,,,,,,,,,,,,,,,,,,,,,,,,,,,,,,,,,,
,5,,,,,,,,,,,,,,,,,,,,,,,,,,,,,,,,,,,,,,,,,,,,,,,,,,,,,,,,,,,,,,,,,,,,,,,,5,,,,,,,,,,,,,,,,,,,,,,,,,,,,,,,,,,,,,,,,,,,,,,,,,,,,,,,,,,
,6,,,,,,,,,,,,,,,,,,,,,,,,,,,,,,,,,,,,,,,,,,,,,,,,,,,,,,,,,,,,,,,,,,,,,,,,6,,,,,,,,,,,,,,,,,,,,,,,,,,,,,,,,,,,,,,,,,,,,,,,,,,,,,,,,,,
,7,,,,,,,,,,,,,,,,,,,,,,,,,,,,,,,,,,,,,,,,,,,,,,,,,,,,,,,,,,,,,,,,,,,,,,,,7,,,,,,,,,,,,,,,,,,,,,,,,,,,,,,,,,,,,,,,,,,,,,,,,,,,,,,,,,,
,8,,,,,,,,,,,,,,,,,,,,,,,,,,,,,,,,,,,,,,,,,,,,,,,,,,,,,,,,,,,,,,,,,,,,,,,,8,,,,,,,,,,,,,,,,,,,,,,,,,,,,,,,,,,,,,,,,,,,,,,,,,,,,,,,,,,
,9,,,,,,,,,,,,,,,,,,,,,,,,,,,,,,,,,,,,,,,,,,,,,,,,,,,,,,,,,,,,,,,,,,,,,,,,9,,,,,,,,,,,,,,,,,,,,,,,,,,,,,,,,,,,,,,,,,,,,,,,,,,,,,,,,,,
,10,,,,,,,,,,,,,,,,,,,,,,,,,,,,,,,,,,,,,,,,,,,,,,,,,,,,,,,,,,,,,,,,,,,,,,,,10,,,,,,,,,,,,,,,,,,,,,,,,,,,,,,,,,,,,,,,,,,,,,,,,,,,,,,,,,,
MassDestruction,1,TID_SPELL_MASS_DESTRUCTION,TID_SPELL_MASS_DESTRUCTION,TRUE,,,,,,800,300,400,,,,,,,,,,,500,,,,,,9000,100,0,200,sc/ui.sc,icon_spell_earthquake,icon_spell_earthquake,Earthquake_Predeploy,EarthQuake_deploy_ground_0,,EarthQuake_deploy_0,,,TRUE,,,,1200,,,,,,,,,,,,,,,,,,,,,,,,,,,,,,,,,,,,,,1,,,,,,,,,,,,,,,,,,,,,,,,,,,,,,,,,,,,,,,,,,,,,,,
MinionGiantPoison,1,TID_POISON_CLOUD,TID_POISON_CLOUD_INFO,TRUE,,,,,,0,0,400,,,,500,-38,-38,,,,,,,,,,,600,40,0,400,sc/ui.sc,icon_spell_toxic,icon_spell_toxic,,ToxicGroundMinion,,ToxicDeployMinion,,,TRUE,,,,1200,Mini Spell Factory,TID_INFO_TARGET_TYPE_GROUND_AND_AIR,,,,,,,,,70,FALSE,-50,TRUE,TRUE,,,,,,,,,,,,,,,,,,,,,,,,,,,,,,,,,,,,,,,,,,,,,,,,,,,TRUE,,,,,TRUE,,,,,,,,,,,,,,
SuperDragonRiderSummonDragonSpell,1,,,TRUE,,,,,,0,0,0,,,,,,,,,,,0,,,,,,0,1,0,0,,,,,SuperBoar Deploy,,,,,TRUE,,,,,,TID_PREFERRED_TARGET_ANY,,,,,,,,,,,,,,,,,,,,,,,Ridereless Dragon,1,1,,,0,0,,,,,,,,,,,,,,,,,,,,,,,,,,,,,,,,,,,,,,,,,,,,,,,,,,,,,,
SuperDragonRiderSummonRiderSpell,1,,,TRUE,,,,,,0,0,0,,,,,,,,,,,0,,,,,,0,1,0,0,,,,,,,,,,TRUE,,,,,,TID_PREFERRED_TARGET_ANY,,,,,,,,,,,,,,,,,,,,,,,Dragonless Rider,1,1,,,0,0,,,,,,,,,,,,,,,,,,,,,,,,,,,,,,,,,,,,,,,,,,,,,,,,,,,,,,
April25_TBRM_Aura,1,,,TRUE,,,,,,,,200,,,,,,,,,,,10,,3,,,,400,4000,0,150,,,,,ps_pekka_april25skin_ElectricAOE,,,,,,,,,0,,TID_INFO_TARGET_TYPE_GROUND_AND_AIR,,,10,,,,,,,,,,,TRUE,,,,,,,,,,,,,,,,,,,,,,,,,,,,,,,,,,,,,,,,,,,,,,,,,TRUE,,,,,,TRUE,,,,,,,,,,,,,,
,2,,,,,,,,,,,,,,,,,,,,,,12,,4,,,,,,,,,,,,,,,,,,,,,,,,,,,,,,,,,,,,,,,,,,,,,,,,,,,,,,,,,,,,,,,,,,,,,,,,,,,,,,,,,,,,,,,,,,,,,,,,,,,,,,,,,,
,3,,,,,,,,,,,,,,,,,,,,,,15,,5,,,,,,,,,,,,,,,,,,,,,,,,,,,,,,,,,,,,,,,,,,,,,,,,,,,,,,,,,,,,,,,,,,,,,,,,,,,,,,,,,,,,,,,,,,,,,,,,,,,,,,,,,,
,4,,,,,,,,,,,,,,,,,,,,,,17,,6,,,,,,,,,,,,,,,,,,,,,,,,,,,,,,,,,,,,,,,,,,,,,,,,,,,,,,,,,,,,,,,,,,,,,,,,,,,,,,,,,,,,,,,,,,,,,,,,,,,,,,,,,,
,5,,,,,,,,,,,,,,,,,,,,,,20,,7,,,,,,,,,,,,,,,,,,,,,,,,,,,,,,,,,,,,,,,,,,,,,,,,,,,,,,,,,,,,,,,,,,,,,,,,,,,,,,,,,,,,,,,,,,,,,,,,,,,,,,,,,,
,6,,,,,,,,,,,,,,,,,,,,,,22,,8,,,,,,,,,,,,,,,,,,,,,,,,,,,,,,,,,,,,,,,,,,,,,,,,,,,,,,,,,,,,,,,,,,,,,,,,,,,,,,,,,,,,,,,,,,,,,,,,,,,,,,,,,,
,7,,,,,,,,,,,,,,,,,,,,,,25,,9,,,,,,,,,,,,,,,,,,,,,,,,,,,,,,,,,,,,,,,,,,,,,,,,,,,,,,,,,,,,,,,,,,,,,,,,,,,,,,,,,,,,,,,,,,,,,,,,,,,,,,,,,,
,8,,,,,,,,,,,,,,,,,,,,,,29,,10,,,,,,,,,,,,,,,,,,,,,,,,,,,,,,,,,,,,,,,,,,,,,,,,,,,,,,,,,,,,,,,,,,,,,,,,,,,,,,,,,,,,,,,,,,,,,,,,,,,,,,,,,,
,9,,,,,,,,,,,,,,,,,,,,,,33,,,,,,,,,,,,,,,,,,,,,,,,,,,,,,,,,,,,,,,,,,,,,,,,,,,,,,,,,,,,,,,,,,,,,,,,,,,,,,,,,,,,,,,,,,,,,,,,,,,,,,,,,,,,
,10,,,,,,,,,,,,,,,,,,,,,,36,,,,,,,,,,,,,,,,,,,,,,,,,,,,,,,,,,,,,,,,,,,,,,,,,,,,,,,,,,,,,,,,,,,,,,,,,,,,,,,,,,,,,,,,,,,,,,,,,,,,,,,,,,,,
,11,,,,,,,,,,,,,,,,,,,,,,40,,,,,,,,,,,,,,,,,,,,,,,,,,,,,,,,,,,,,,,,,,,,,,,,,,,,,,,,,,,,,,,,,,,,,,,,,,,,,,,,,,,,,,,,,,,,,,,,,,,,,,,,,,,,
,12,,,,,,,,,,,,,,,,,,,,,,44,,,,,,,,,,,,,,,,,,,,,,,,,,,,,,,,,,,,,,,,,,,,,,,,,,,,,,,,,,,,,,,,,,,,,,,,,,,,,,,,,,,,,,,,,,,,,,,,,,,,,,,,,,,,
,13,,,,,,,,,,,,,,,,,,,,,,49,,,,,,,,,,,,,,,,,,,,,,,,,,,,,,,,,,,,,,,,,,,,,,,,,,,,,,,,,,,,,,,,,,,,,,,,,,,,,,,,,,,,,,,,,,,,,,,,,,,,,,,,,,,,
,14,,,,,,,,,,,,,,,,,,,,,,54,,,,,,,,,,,,,,,,,,,,,,,,,,,,,,,,,,,,,,,,,,,,,,,,,,,,,,,,,,,,,,,,,,,,,,,,,,,,,,,,,,,,,,,,,,,,,,,,,,,,,,,,,,,,
,15,,,,,,,,,,,,,,,,,,,,,,60,,,,,,,,,,,,,,,,,,,,,,,,,,,,,,,,,,,,,,,,,,,,,,,,,,,,,,,,,,,,,,,,,,,,,,,,,,,,,,,,,,,,,,,,,,,,,,,,,,,,,,,,,,,,
April25_TBRM_DeathSpawn,1,,,TRUE,,,,,,2500,0,0,,,,,,,,,,,0,,,,,,0,1,0,0,,,,,ps_pekka_april25skin_Summon,,,,,,,,,,,,,,,,,,,,,,,,,,,,,,,,,,April25_TBRM_2,1,1,,,500,0,,,,,,,,,500,,,,,,,,,,,,,,,,,,,,,,,,,,,,,,,,,,,,,,,,,,,,,
,2,,,,,,,,,,,,,,,,,,,,,,,,,,,,,,,,,,,,,,,,,,,,,,,,,,,,,,,,,,,,,,,,,,,,,,,1,2,,,,,,,,,,,,,,,,,,,,,,,,,,,,,,,,,,,,,,,,,,,,,,,,,,,,,,,,,,
,3,,,,,,,,,,,,,,,,,,,,,,,,,,,,,,,,,,,,,,,,,,,,,,,,,,,,,,,,,,,,,,,,,,,,,,,1,3,,,,,,,,,,,,,,,,,,,,,,,,,,,,,,,,,,,,,,,,,,,,,,,,,,,,,,,,,,
,4,,,,,,,,,,,,,,,,,,,,,,,,,,,,,,,,,,,,,,,,,,,,,,,,,,,,,,,,,,,,,,,,,,,,,,,1,4,,,,,,,,,,,,,,,,,,,,,,,,,,,,,,,,,,,,,,,,,,,,,,,,,,,,,,,,,,
,5,,,,,,,,,,,,,,,,,,,,,,,,,,,,,,,,,,,,,,,,,,,,,,,,,,,,,,,,,,,,,,,,,,,,,,,1,5,,,,,,,,,,,,,,,,,,,,,,,,,,,,,,,,,,,,,,,,,,,,,,,,,,,,,,,,,,
,6,,,,,,,,,,,,,,,,,,,,,,,,,,,,,,,,,,,,,,,,,,,,,,,,,,,,,,,,,,,,,,,,,,,,,,,1,6,,,,,,,,,,,,,,,,,,,,,,,,,,,,,,,,,,,,,,,,,,,,,,,,,,,,,,,,,,
,7,,,,,,,,,,,,,,,,,,,,,,,,,,,,,,,,,,,,,,,,,,,,,,,,,,,,,,,,,,,,,,,,,,,,,,,1,7,,,,,,,,,,,,,,,,,,,,,,,,,,,,,,,,,,,,,,,,,,,,,,,,,,,,,,,,,,
,8,,,,,,,,,,,,,,,,,,,,,,,,,,,,,,,,,,,,,,,,,,,,,,,,,,,,,,,,,,,,,,,,,,,,,,,1,8,,,,,,,,,,,,,,,,,,,,,,,,,,,,,,,,,,,,,,,,,,,,,,,,,,,,,,,,,,
,9,,,,,,,,,,,,,,,,,,,,,,,,,,,,,,,,,,,,,,,,,,,,,,,,,,,,,,,,,,,,,,,,,,,,,,,1,9,,,,,,,,,,,,,,,,,,,,,,,,,,,,,,,,,,,,,,,,,,,,,,,,,,,,,,,,,,
,10,,,,,,,,,,,,,,,,,,,,,,,,,,,,,,,,,,,,,,,,,,,,,,,,,,,,,,,,,,,,,,,,,,,,,,,1,10,,,,,,,,,,,,,,,,,,,,,,,,,,,,,,,,,,,,,,,,,,,,,,,,,,,,,,,,,,
,11,,,,,,,,,,,,,,,,,,,,,,,,,,,,,,,,,,,,,,,,,,,,,,,,,,,,,,,,,,,,,,,,,,,,,,,1,11,,,,,,,,,,,,,,,,,,,,,,,,,,,,,,,,,,,,,,,,,,,,,,,,,,,,,,,,,,
,12,,,,,,,,,,,,,,,,,,,,,,,,,,,,,,,,,,,,,,,,,,,,,,,,,,,,,,,,,,,,,,,,,,,,,,,1,12,,,,,,,,,,,,,,,,,,,,,,,,,,,,,,,,,,,,,,,,,,,,,,,,,,,,,,,,,,
,13,,,,,,,,,,,,,,,,,,,,,,,,,,,,,,,,,,,,,,,,,,,,,,,,,,,,,,,,,,,,,,,,,,,,,,,1,13,,,,,,,,,,,,,,,,,,,,,,,,,,,,,,,,,,,,,,,,,,,,,,,,,,,,,,,,,,
,14,,,,,,,,,,,,,,,,,,,,,,,,,,,,,,,,,,,,,,,,,,,,,,,,,,,,,,,,,,,,,,,,,,,,,,,1,14,,,,,,,,,,,,,,,,,,,,,,,,,,,,,,,,,,,,,,,,,,,,,,,,,,,,,,,,,,
,15,,,,,,,,,,,,,,,,,,,,,,,,,,,,,,,,,,,,,,,,,,,,,,,,,,,,,,,,,,,,,,,,,,,,,,,1,15,,,,,,,,,,,,,,,,,,,,,,,,,,,,,,,,,,,,,,,,,,,,,,,,,,,,,,,,,,
April25_RRAltProjectile_Spawn,1,,,TRUE,,,,,,0,0,0,,,,,,,,,,,0,,,,,,0,1,0,0,,,,,,,,,,TRUE,,,,,,,,,,,,,,,,,,,,,,,,,,,,,April25_RRBL_Alt,1,1,,,150,0,,,,,,,,,,,,,,,,,,,,,,,,,,,,,,,,,,,,,,,,,,,,,,,,,,,,,,
,2,,,,,,,,,,,,,,,,,,,,,,,,,,,,,,,,,,,,,,,,,,,,,,,,,,,,,,,,,,,,,,,,,,,,,,,1,2,,,,,,,,,,,,,,,,,,,,,,,,,,,,,,,,,,,,,,,,,,,,,,,,,,,,,,,,,,
,3,,,,,,,,,,,,,,,,,,,,,,,,,,,,,,,,,,,,,,,,,,,,,,,,,,,,,,,,,,,,,,,,,,,,,,,1,3,,,,,,,,,,,,,,,,,,,,,,,,,,,,,,,,,,,,,,,,,,,,,,,,,,,,,,,,,,
,4,,,,,,,,,,,,,,,,,,,,,,,,,,,,,,,,,,,,,,,,,,,,,,,,,,,,,,,,,,,,,,,,,,,,,,,1,4,,,,,,,,,,,,,,,,,,,,,,,,,,,,,,,,,,,,,,,,,,,,,,,,,,,,,,,,,,
,5,,,,,,,,,,,,,,,,,,,,,,,,,,,,,,,,,,,,,,,,,,,,,,,,,,,,,,,,,,,,,,,,,,,,,,,1,5,,,,,,,,,,,,,,,,,,,,,,,,,,,,,,,,,,,,,,,,,,,,,,,,,,,,,,,,,,
,6,,,,,,,,,,,,,,,,,,,,,,,,,,,,,,,,,,,,,,,,,,,,,,,,,,,,,,,,,,,,,,,,,,,,,,,1,6,,,,,,,,,,,,,,,,,,,,,,,,,,,,,,,,,,,,,,,,,,,,,,,,,,,,,,,,,,
,7,,,,,,,,,,,,,,,,,,,,,,,,,,,,,,,,,,,,,,,,,,,,,,,,,,,,,,,,,,,,,,,,,,,,,,,1,7,,,,,,,,,,,,,,,,,,,,,,,,,,,,,,,,,,,,,,,,,,,,,,,,,,,,,,,,,,
,8,,,,,,,,,,,,,,,,,,,,,,,,,,,,,,,,,,,,,,,,,,,,,,,,,,,,,,,,,,,,,,,,,,,,,,,1,8,,,,,,,,,,,,,,,,,,,,,,,,,,,,,,,,,,,,,,,,,,,,,,,,,,,,,,,,,,
,9,,,,,,,,,,,,,,,,,,,,,,,,,,,,,,,,,,,,,,,,,,,,,,,,,,,,,,,,,,,,,,,,,,,,,,,1,9,,,,,,,,,,,,,,,,,,,,,,,,,,,,,,,,,,,,,,,,,,,,,,,,,,,,,,,,,,
,10,,,,,,,,,,,,,,,,,,,,,,,,,,,,,,,,,,,,,,,,,,,,,,,,,,,,,,,,,,,,,,,,,,,,,,,1,10,,,,,,,,,,,,,,,,,,,,,,,,,,,,,,,,,,,,,,,,,,,,,,,,,,,,,,,,,,
,11,,,,,,,,,,,,,,,,,,,,,,,,,,,,,,,,,,,,,,,,,,,,,,,,,,,,,,,,,,,,,,,,,,,,,,,1,11,,,,,,,,,,,,,,,,,,,,,,,,,,,,,,,,,,,,,,,,,,,,,,,,,,,,,,,,,,
,12,,,,,,,,,,,,,,,,,,,,,,,,,,,,,,,,,,,,,,,,,,,,,,,,,,,,,,,,,,,,,,,,,,,,,,,1,12,,,,,,,,,,,,,,,,,,,,,,,,,,,,,,,,,,,,,,,,,,,,,,,,,,,,,,,,,,
,13,,,,,,,,,,,,,,,,,,,,,,,,,,,,,,,,,,,,,,,,,,,,,,,,,,,,,,,,,,,,,,,,,,,,,,,1,13,,,,,,,,,,,,,,,,,,,,,,,,,,,,,,,,,,,,,,,,,,,,,,,,,,,,,,,,,,
,14,,,,,,,,,,,,,,,,,,,,,,,,,,,,,,,,,,,,,,,,,,,,,,,,,,,,,,,,,,,,,,,,,,,,,,,1,14,,,,,,,,,,,,,,,,,,,,,,,,,,,,,,,,,,,,,,,,,,,,,,,,,,,,,,,,,,
,15,,,,,,,,,,,,,,,,,,,,,,,,,,,,,,,,,,,,,,,,,,,,,,,,,,,,,,,,,,,,,,,,,,,,,,,1,15,,,,,,,,,,,,,,,,,,,,,,,,,,,,,,,,,,,,,,,,,,,,,,,,,,,,,,,,,,
April25_RRAltProjectile_Spawn_DEF,1,,,TRUE,,,,,,0,0,0,,,,,,,,,,,0,,,,,,0,1,0,0,,,,,,,,,,TRUE,,,,,,,,,,,,,,,,,,,,,,,,,,,,,April25_RRBL_Alt_DEF,1,1,,,150,0,,,,,,,,,,,,,,,,,,,,,,,,,,,,,,,,,,,,,,,,,,,,,,,,,,,,,,
,2,,,,,,,,,,,,,,,,,,,,,,,,,,,,,,,,,,,,,,,,,,,,,,,,,,,,,,,,,,,,,,,,,,,,,,,1,2,,,,,,,,,,,,,,,,,,,,,,,,,,,,,,,,,,,,,,,,,,,,,,,,,,,,,,,,,,
,3,,,,,,,,,,,,,,,,,,,,,,,,,,,,,,,,,,,,,,,,,,,,,,,,,,,,,,,,,,,,,,,,,,,,,,,1,3,,,,,,,,,,,,,,,,,,,,,,,,,,,,,,,,,,,,,,,,,,,,,,,,,,,,,,,,,,
,4,,,,,,,,,,,,,,,,,,,,,,,,,,,,,,,,,,,,,,,,,,,,,,,,,,,,,,,,,,,,,,,,,,,,,,,1,4,,,,,,,,,,,,,,,,,,,,,,,,,,,,,,,,,,,,,,,,,,,,,,,,,,,,,,,,,,
,5,,,,,,,,,,,,,,,,,,,,,,,,,,,,,,,,,,,,,,,,,,,,,,,,,,,,,,,,,,,,,,,,,,,,,,,1,5,,,,,,,,,,,,,,,,,,,,,,,,,,,,,,,,,,,,,,,,,,,,,,,,,,,,,,,,,,
,6,,,,,,,,,,,,,,,,,,,,,,,,,,,,,,,,,,,,,,,,,,,,,,,,,,,,,,,,,,,,,,,,,,,,,,,1,6,,,,,,,,,,,,,,,,,,,,,,,,,,,,,,,,,,,,,,,,,,,,,,,,,,,,,,,,,,
,7,,,,,,,,,,,,,,,,,,,,,,,,,,,,,,,,,,,,,,,,,,,,,,,,,,,,,,,,,,,,,,,,,,,,,,,1,7,,,,,,,,,,,,,,,,,,,,,,,,,,,,,,,,,,,,,,,,,,,,,,,,,,,,,,,,,,
,8,,,,,,,,,,,,,,,,,,,,,,,,,,,,,,,,,,,,,,,,,,,,,,,,,,,,,,,,,,,,,,,,,,,,,,,1,8,,,,,,,,,,,,,,,,,,,,,,,,,,,,,,,,,,,,,,,,,,,,,,,,,,,,,,,,,,
,9,,,,,,,,,,,,,,,,,,,,,,,,,,,,,,,,,,,,,,,,,,,,,,,,,,,,,,,,,,,,,,,,,,,,,,,1,9,,,,,,,,,,,,,,,,,,,,,,,,,,,,,,,,,,,,,,,,,,,,,,,,,,,,,,,,,,
,10,,,,,,,,,,,,,,,,,,,,,,,,,,,,,,,,,,,,,,,,,,,,,,,,,,,,,,,,,,,,,,,,,,,,,,,1,10,,,,,,,,,,,,,,,,,,,,,,,,,,,,,,,,,,,,,,,,,,,,,,,,,,,,,,,,,,
,11,,,,,,,,,,,,,,,,,,,,,,,,,,,,,,,,,,,,,,,,,,,,,,,,,,,,,,,,,,,,,,,,,,,,,,,1,11,,,,,,,,,,,,,,,,,,,,,,,,,,,,,,,,,,,,,,,,,,,,,,,,,,,,,,,,,,
,12,,,,,,,,,,,,,,,,,,,,,,,,,,,,,,,,,,,,,,,,,,,,,,,,,,,,,,,,,,,,,,,,,,,,,,,1,12,,,,,,,,,,,,,,,,,,,,,,,,,,,,,,,,,,,,,,,,,,,,,,,,,,,,,,,,,,
,13,,,,,,,,,,,,,,,,,,,,,,,,,,,,,,,,,,,,,,,,,,,,,,,,,,,,,,,,,,,,,,,,,,,,,,,1,13,,,,,,,,,,,,,,,,,,,,,,,,,,,,,,,,,,,,,,,,,,,,,,,,,,,,,,,,,,
,14,,,,,,,,,,,,,,,,,,,,,,,,,,,,,,,,,,,,,,,,,,,,,,,,,,,,,,,,,,,,,,,,,,,,,,,1,14,,,,,,,,,,,,,,,,,,,,,,,,,,,,,,,,,,,,,,,,,,,,,,,,,,,,,,,,,,
,15,,,,,,,,,,,,,,,,,,,,,,,,,,,,,,,,,,,,,,,,,,,,,,,,,,,,,,,,,,,,,,,,,,,,,,,1,15,,,,,,,,,,,,,,,,,,,,,,,,,,,,,,,,,,,,,,,,,,,,,,,,,,,,,,,,,,
