Name,TroopLevel,Deprecated,TID,InfoTID,HousingSpace,BarrackLevel,LaboratoryLevel,Speed,Hitpoints,TrainingTime,TrainingResource,TrainingCost,UpgradeTimeH,UpgradeTimeM,UpgradeResource,UpgradeCost,DonateCost,DonateXP,DonateCount,AttackRange,AttackSpeed,CoolDownOverride,DPS,PreferedTargetDamageMod,DamageRadius,AreaDamageIgnoresWalls,SelfAsAoeCenter,IconSWF,IconExportName,BigPicture,BigPictureSWF,Projectile,AltProjectile,PreferedTargetBuilding,PreferedTargetBuildingClass,PreferredTargetNoTargeting,DeployEffect,AttackEffect,AttackEffect2,HitEffect,HitEffect2,IsFlying,AirTargets,GroundTargets,AttackCount,DieEffect,DieEffect2,Animation,ProductionBuilding,IsJumper,MovementOffsetAmount,MovementOffsetSpeed,TombStone,DieDamage,DieDamageRadius,DieDamageEffect,DieDamageDelay,DisableProduction,SecondaryTroop,IsSecondaryTroop,SecondaryTroopCnt,SecondarySpawnDist,RandomizeSecSpawnDist,PickNewTargetAfterPushback,PushbackSpeed,SummonTroop,SummonTroopCount,SummonCooldown,SummonEffect,SummonLimit,SpawnIdle,SpawnOnAttack,StrengthWeight,AuraSpell,AuraSpellLevel,SpawnWhenDamaged,JumpHeightPercent,NoClipping,Squad,WallMovementCost,BurstCount,BurstDelay,AttackMultipleBuildings,IncreasingDamage,DPSLv2,DPSLv3,Lv2SwitchTime,Lv3SwitchTime,AttackEffectLv2,AttackEffectLv3,AttackEffectLv4,TransitionEffectLv2,TransitionEffectLv3,TransitionEffectLv4,TargetedEffectOffset,SecondarySpawnOffset,CustomDefenderIcon,SpecialMovementMod,InvisibilityRadius,HealthReductionPerSecond,AutoMergeDistance,AutoMergeGroupSize,IsUnderground,ProjectileBounces,FriendlyGroupWeight,EnemyGroupWeight,NewTargetAttackDelay,TriggersTraps,ChainShootingDistance,ChainAttackDistance,ChainAttackMaxTargets,ChainAttackDelay,ChainAttackDamageReductionPercent,ChainAttackEffect,PreAttackEffect,MoveStartsEffect,MoveTrailEffect,BecomesTargetableEffect,BoostedIfAlone,BoostRadius,BoostDmgPerfect,BoostAttackSpeed,HideEffect,VillageType,UnitsInCamp,SpecialAbilityLevel,SpecialAbilityName,SpecialAbilityInfo,SpecialAbilityType,SpecialAbilityAttribute,SpecialAbilityAttribute2,SpecialAbilityAttribute3,SpecialAbilitySpell,SpecialAbilityEffect,SpecialAbilityIcon,DisableDonate,ScaleByTH,EnabledByCalendar,EnabledBySuperLicence,LoseHpPerTick,LoseHpInterval,UpgradeLevelByTH,EvolveToCharacter,EvolveEffect,EvolveOnDamageDealt,EvolveTime,CanAttackWhileMoving,PreferredMovementTarget,RetargetAfterHit,Damage2,Damage2Radius,Damage2Delay,Damage2Min,Damage2FalloffStart,Damage2FalloffEnd,DamageMultiplierTarget,DamageMultiplierPercent,FrostOnHitTime,FrostOnHitPercent,DoesNotOpenCC,DefensiveTroop,DamageReductionToStorages,BunkerTroops,BunkerTroopCount1,BunkerTroopCount2,BunkerDegenerationTime,BunkerSpawnDist,HeroDamageMultiplier,PenetratingProjectile,PenetratingRadius,PenetratingExtraRange,ImmuneToHealing,PreferHeroes,DefaultSkin,DefenseBonus
String,int,boolean,String,String,int,int,int,int,int,int,String,int,int,int,String,int,int,int,int,int,int,int,int,int,int,boolean,boolean,String,String,String,String,String,String,String,String,boolean,String,String,String,String,String,boolean,boolean,boolean,int,String,String,String,String,boolean,int,int,String,int,int,String,int,boolean,String,boolean,int,int,boolean,boolean,int,String,int,int,String,int,int,boolean,int,String,int,int,int,boolean,String,int,int,int,boolean,boolean,int,int,int,int,String,String,String,String,String,String,int,int,String,int,int,int,int,int,boolean,int,int,int,int,boolean,int,int,int,int,int,String,String,String,String,String,boolean,int,int,int,String,int,int,int,String,String,String,int,int,int,String,String,String,boolean,boolean,boolean,boolean,int,int,int,String,String,int,int,boolean,String,boolean,int,int,int,int,int,int,String,int,int,int,boolean,String,int,String,int,int,int,int,int,boolean,int,int,boolean,boolean,String,int
Super Barbarian Squad,1,,TID_SUPER_BARBARIANS,TID_CHARACTER_INFO_SUPER_BARBARIANS,20,,,,,,,,,,,,,,,,,,,,,,,sc/ui.sc,icon_unit_elite_barbarian_group_cc,,,,,,,,,,,,,,,,,,,,,,,,,,,,,TRUE,,,,,,,,,,,,,,,100,,,,,,Super Barbarian Squad,,,,,,,,,,,,,,,,,,,,,,,,,,,,,,,,,,,,,,,,,,,,,,,,,,,,,,,,,TRUE,,,,,,,,,,,,,,,,,,,,,,,,,,,,,,,,,,,,,,,
,2,,,,,,,,,,,,,,,,,,,,,,,,,,,,,,,,,,,,,,,,,,,,,,,,,,,,,,,,,,,,,,,,,,,,,,,,100,,,,,,,,,,,,,,,,,,,,,,,,,,,,,,,,,,,,,,,,,,,,,,,,,,,,,,,,,,,,,,,,,,,,,,,,,,,,,,,,,,,,,,,,,,,,,,,,,,,,,,
,3,,,,,,,,,,,,,,,,,,,,,,,,,,,,,,,,,,,,,,,,,,,,,,,,,,,,,,,,,,,,,,,,,,,,,,,,100,,,,,,,,,,,,,,,,,,,,,,,,,,,,,,,,,,,,,,,,,,,,,,,,,,,,,,,,,,,,,,,,,,,,,,,,,,,,,,,,,,,,,,,,,,,,,,,,,,,,,,
,4,,,,,,,,,,,,,,,,,,,,,,,,,,,,,,,,,,,,,,,,,,,,,,,,,,,,,,,,,,,,,,,,,,,,,,,,100,,,,,,,,,,,,,,,,,,,,,,,,,,,,,,,,,,,,,,,,,,,,,,,,,,,,,,,,,,,,,,,,,,,,,,,,,,,,,,,,,,,,,,,,,,,,,,,,,,,,,,
,5,,,,,,,,,,,,,,,,,,,,,,,,,,,,,,,,,,,,,,,,,,,,,,,,,,,,,,,,,,,,,,,,,,,,,,,,100,,,,,,,,,,,,,,,,,,,,,,,,,,,,,,,,,,,,,,,,,,,,,,,,,,,,,,,,,,,,,,,,,,,,,,,,,,,,,,,,,,,,,,,,,,,,,,,,,,,,,,
Super Barbarian,1,,TID_CHARACTER_ELITE_BARBARIAN,TID_CHARACTER_INFO_ELITE_BARBARIAN,5,1,1,180,800,,,,,,,,,,,45,800,,120,1,,,,sc/ui.sc,icon_unit_elite_barbarian,unit_elite_barbarian_big,sc/info_elite_barbarian.sc,,,,,,Super Barbarian Deploy,Barbarian Attack,,Barbarian Hit,,FALSE,FALSE,TRUE,,Barbarian Die,,Capital Super Barbarian,Super Barbarian Barracks,FALSE,,0,TombStone_CC,,,,,,,,,,,,,,,,,,,,100,,,,75,,,,,,,,,,,,,,,,,,-40,,,,,,,,,,500,500,700,TRUE,,,,,,,,,,,,,,,,,,1,TID_BARB2_ABILITY_NAME,TID_BARB2_ABILITY_HELP,StartRage,8,,,TroopRage,,,TRUE,,,,,,,,,,,,,,,,,,,,,,,,,,,,,,,,,,,,,,,500
,2,,,,,2,2,,900,,,,,,,,,,,,,,140,,,,,,,,,,,,,,,,,,,,,,,,,,,,,,,,,,,,,,,,,,,,,,,,,,100,,,,,,,,,,,,,,,,,,,,,,,,,,,,,,,,,,,,,,,,,,,,,,,,,,,,,,,,,,,,,,,,,,,,,,,,,,,,,,,,,,,,,,,,,,,,,,,,,,,,,,
,3,,,,,3,3,,1000,,,,,,,,,,,,,,160,,,,,,,,,,,,,,,,,,,,,,,,,,,,,,,,,,,,,,,,,,,,,,,,,,100,,,,,,,,,,,,,,,,,,,,,,,,,,,,,,,,,,,,,,,,,,,,,,,,,,,,,,,,,,,,,,,,,,,,,,,,,,,,,,,,,,,,,,,,,,,,,,,,,,,,,,
,4,,,,,4,4,,1100,,,,,,,,,,,,,,180,,,,,,,,,,,,,,,,,,,,,,,,,,,,,,,,,,,,,,,,,,,,,,,,,,100,,,,,,,,,,,,,,,,,,,,,,,,,,,,,,,,,,,,,,,,,,,,,,,,,,,,,,,,,,,,,,,,,,,,,,,,,,,,,,,,,,,,,,,,,,,,,,,,,,,,,,
,5,,,,,5,5,,1200,,,,,,,,,,,,,,200,,,,,,,,,,,,,,,,,,,,,,,,,,,,,,,,,,,,,,,,,,,,,,,,,,100,,,,,,,,,,,,,,,,,,,,,,,,,,,,,,,,,,,,,,,,,,,,,,,,,,,,,,,,,,,,,,,,,,,,,,,,,,,,,,,,,,,,,,,,,,,,,,,,,,,,,,
Sneaky Archer Squad,1,,TID_SNEAKY_ARCHERS,TID_CHARACTER_INFO_SNEAKY_ARCHERS,10,1,1,,,,,,,,,,,,,,,,,,,,,sc/ui.sc,icon_unit_stealthy_archer_group_cc,,,,,,,,,,,,,,,,,,,,Sneaky Archer Barracks,,,,,,,,,,,,,,,,,,,,,,,,86,,,,,,Sneaky Archer Squad,,,,,,,,,,,,,,,,,,,,,,,,,,,,,,,,,,,,,,,,,,,,,,,,,,,,,,,,,TRUE,,,,,,,,,,,,,,,,,,,,,,,,,,,,,,,,,,,,,,,
,2,,,,,2,2,,,,,,,,,,,,,,,,,,,,,,,,,,,,,,,,,,,,,,,,,,,,,,,,,,,,,,,,,,,,,,,,,,88,,,,,,,,,,,,,,,,,,,,,,,,,,,,,,,,,,,,,,,,,,,,,,,,,,,,,,,,,,,,,,,,,,,,,,,,,,,,,,,,,,,,,,,,,,,,,,,,,,,,,,
,3,,,,,3,3,,,,,,,,,,,,,,,,,,,,,,,,,,,,,,,,,,,,,,,,,,,,,,,,,,,,,,,,,,,,,,,,,,90,,,,,,,,,,,,,,,,,,,,,,,,,,,,,,,,,,,,,,,,,,,,,,,,,,,,,,,,,,,,,,,,,,,,,,,,,,,,,,,,,,,,,,,,,,,,,,,,,,,,,,
,4,,,,,4,4,,,,,,,,,,,,,,,,,,,,,,,,,,,,,,,,,,,,,,,,,,,,,,,,,,,,,,,,,,,,,,,,,,92,,,,,,,,,,,,,,,,,,,,,,,,,,,,,,,,,,,,,,,,,,,,,,,,,,,,,,,,,,,,,,,,,,,,,,,,,,,,,,,,,,,,,,,,,,,,,,,,,,,,,,
,5,,,,,5,5,,,,,,,,,,,,,,,,,,,,,,,,,,,,,,,,,,,,,,,,,,,,,,,,,,,,,,,,,,,,,,,,,,95,,,,,,,,,,,,,,,,,,,,,,,,,,,,,,,,,,,,,,,,,,,,,,,,,,,,,,,,,,,,,,,,,,,,,,,,,,,,,,,,,,,,,,,,,,,,,,,,,,,,,,
Sneaky Archer,1,,TID_SNEAKY_ARCHER,TID_CHARACTER_INFO_SNEAKY_ARCHER,2,,,180,100,,,,,,,,,,,275,1000,,60,1,,,,sc/ui.sc,icon_unit_stealthy_archer,unit_sneaky_archer_big,sc/info_sneaky_archer.sc,ArcherArrow,,,,,Sneaky Archer Dep,Archer2 Attack,,Archer2 Hit,,FALSE,TRUE,TRUE,,Archer2 Die,,Capital Sneaky Archer,Sneaky Archer Barracks,FALSE,,0,TombStone_CC,,,,,TRUE,,,,,,,,,,,,,,,,,,,75,,,,,,,,,,,,,,,,,,-40,,,,,,,,,,200,200,,TRUE,,,,,,,,,,,,,,,,,,1,TID_ARCHER2_ABILITY_NAME,TID_ARCHER2_ABILITY_HELP,StartCloak,5,,,,,,TRUE,,,,,,,,,,,,,,,,,,,,,,,,,,,,,,,,,,,,,,,200
,2,,,,,,,,120,,,,,,,,,,,,,,64,,,,,,,,,,,,,,,,,,,,,,,,,,,,,,,,,,,,,,,,,,,,,,,,,,,,,,,,,,,,,,,,,,,,,,,,,,,,,,,,,,,,,,,,,,,,,,,,,,,,,,,1,,,,5,,,,,,,,,,,,,,,,,,,,,,,,,,,,,,,,,,,,,,,,,,,,,
,3,,,,,,,,140,,,,,,,,,,,,,,68,,,,,,,,,,,,,,,,,,,,,,,,,,,,,,,,,,,,,,,,,,,,,,,,,,,,,,,,,,,,,,,,,,,,,,,,,,,,,,,,,,,,,,,,,,,,,,,,,,,,,,,1,,,,5,,,,,,,,,,,,,,,,,,,,,,,,,,,,,,,,,,,,,,,,,,,,,
,4,,,,,,,,160,,,,,,,,,,,,,,72,,,,,,,,,,,,,,,,,,,,,,,,,,,,,,,,,,,,,,,,,,,,,,,,,,,,,,,,,,,,,,,,,,,,,,,,,,,,,,,,,,,,,,,,,,,,,,,,,,,,,,,1,,,,5,,,,,,,,,,,,,,,,,,,,,,,,,,,,,,,,,,,,,,,,,,,,,
,5,,,,,,,,180,,,,,,,,,,,,,,76,,,,,,,,,,,,,,,,,,,,,,,,,,,,,,,,,,,,,,,,,,,,,,,,,,,,,,,,,,,,,,,,,,,,,,,,,,,,,,,,,,,,,,,,,,,,,,,,,,,,,,,1,,,,5,,,,,,,,,,,,,,,,,,,,,,,,,,,,,,,,,,,,,,,,,,,,,
Super Giant Squad,1,,TID_SUPER_GIANTS,TID_CHARACTER_INFO_SUPER_GIANTS,20,,,,,,,,,,,,,,,,,,,,,,,sc/ui.sc,icon_unit_elite_giant_cc,,,,,,,,,,,,,,,,,,,,,,,,,,,,,TRUE,,,,,,,,,,,,,,,120,,,,,,Super Giant Squad,,,,,,,,,,,,,,,,,,,,,,,,,,,,,,,,,,,,,,,,,,,,,,,,,,,,,,,,,TRUE,,,,,,,,,,,,,,,,,,,,,,,,,,,,,,,,,,,,,,,
,2,,,,,,,,,,,,,,,,,,,,,,,,,,,,,,,,,,,,,,,,,,,,,,,,,,,,,,,,,,,,,,,,,,,,,,,,120,,,,,,,,,,,,,,,,,,,,,,,,,,,,,,,,,,,,,,,,,,,,,,,,,,,,,,,,,,,,,,,,,,,,,,,,,,,,,,,,,,,,,,,,,,,,,,,,,,,,,,
,3,,,,,,,,,,,,,,,,,,,,,,,,,,,,,,,,,,,,,,,,,,,,,,,,,,,,,,,,,,,,,,,,,,,,,,,,120,,,,,,,,,,,,,,,,,,,,,,,,,,,,,,,,,,,,,,,,,,,,,,,,,,,,,,,,,,,,,,,,,,,,,,,,,,,,,,,,,,,,,,,,,,,,,,,,,,,,,,
,4,,,,,,,,,,,,,,,,,,,,,,,,,,,,,,,,,,,,,,,,,,,,,,,,,,,,,,,,,,,,,,,,,,,,,,,,120,,,,,,,,,,,,,,,,,,,,,,,,,,,,,,,,,,,,,,,,,,,,,,,,,,,,,,,,,,,,,,,,,,,,,,,,,,,,,,,,,,,,,,,,,,,,,,,,,,,,,,
,5,,,,,,,,,,,,,,,,,,,,,,,,,,,,,,,,,,,,,,,,,,,,,,,,,,,,,,,,,,,,,,,,,,,,,,,,120,,,,,,,,,,,,,,,,,,,,,,,,,,,,,,,,,,,,,,,,,,,,,,,,,,,,,,,,,,,,,,,,,,,,,,,,,,,,,,,,,,,,,,,,,,,,,,,,,,,,,,
Super Giant,1,,TID_CHARACTER_ELITE_GIANT,TID_CHARACTER_INFO_ELITE_GIANT,10,1,1,110,3000,,,,,,,,,,,75,2000,,100,1,,,,sc/ui.sc,icon_unit_elite_giant,unit_giant_elite_big,sc/info_giant_elite.sc,,,,Defense,,Super Giant Deploy,Giant Attack,,Giant Hit,,FALSE,FALSE,TRUE,,Giant Die,,Capital Super Giant,Super Giant Barracks,FALSE,,0,TombStone_CC,,,,,,,,,,,,,,,,,,,,120,,,,75,,,,,,,,,,,,,,,,,,-40,,,,,,,,,,1000,1000,,TRUE,,,,,,,,,,,,,,,,,,1,TID_SUPER_GIANT_ABILITY_NAME,TID_SUPER_GIANT_ABILITY_HELP,,,,,,,,TRUE,,,,,,,,,,,,,,,,,,,,Wall,500,,,,,,,,,,,,,,,,,,1000
,2,,,,,2,2,,3300,,,,,,,,,,,,,,110,,,,,,,,,,,,,,,,,,,,,,,,,,,,,,,,,,,,,,,,,,,,,,,,,,120,,,,,,,,,,,,,,,,,,,,,,,,,,,,,,,,,,,,,,,,,,,,,,,,,,,,,,,,,,,,,,,,,,,,,,,,,,,,,,,,,,,,,,,,,,,,,,,,,,,,,,
,3,,,,,3,3,,3600,,,,,,,,,,,,,,120,,,,,,,,,,,,,,,,,,,,,,,,,,,,,,,,,,,,,,,,,,,,,,,,,,120,,,,,,,,,,,,,,,,,,,,,,,,,,,,,,,,,,,,,,,,,,,,,,,,,,,,,,,,,,,,,,,,,,,,,,,,,,,,,,,,,,,,,,,,,,,,,,,,,,,,,,
,4,,,,,4,4,,3900,,,,,,,,,,,,,,130,,,,,,,,,,,,,,,,,,,,,,,,,,,,,,,,,,,,,,,,,,,,,,,,,,120,,,,,,,,,,,,,,,,,,,,,,,,,,,,,,,,,,,,,,,,,,,,,,,,,,,,,,,,,,,,,,,,,,,,,,,,,,,,,,,,,,,,,,,,,,,,,,,,,,,,,,
,5,,,,,5,5,,4200,,,,,,,,,,,,,,140,,,,,,,,,,,,,,,,,,,,,,,,,,,,,,,,,,,,,,,,,,,,,,,,,,120,,,,,,,,,,,,,,,,,,,,,,,,,,,,,,,,,,,,,,,,,,,,,,,,,,,,,,,,,,,,,,,,,,,,,,,,,,,,,,,,,,,,,,,,,,,,,,,,,,,,,,
Battle Ram,1,,TID_BATTLERAM,TID_CHARACTER_INFO_BATTLERAM,5,1,1,200,800,,,,,,,,,,,75,200,,1250,20,60,,,sc/ui.sc,icon_unit_battleram_cc,unit_battleram_big,sc/info_battleram.sc,,,,Wall,,BattleRam Deploy,BattleRam Attack,,,,FALSE,FALSE,TRUE,1,Battle Ram Die,,Capital Battle Ram,Battle Ram Barracks,FALSE,,0,,,,,,,Capital Barbarian,,4,75,TRUE,,,,,,,,,,,,,,75,,,128,,,,,,,,,,,,,,,-40,,,,,,,,,,100,100,,TRUE,,,,,,,,,,,,,,,,,,,,,,,,,,,,TRUE,,,,,,,,,,,,,,,,,,,,,,,,,,,,,,,,,,,,,,,500
,2,,,,,2,2,,950,,,,,,,,,,,,,,1625,,,,,,,,,,,,,,,,,,,,,,,,,,,,,,,,,,,,,,,,,,,,,,,,,,,,,,,,,,,,,,,,,,,,,,,,,,,,,,,,,,,,,,,,,,,,,,,,,,,,,,,,,,,,,,,,,,,,,,,,,,,,,,,,,,,,,,,,,,,,,,,,,,,,,,,,
,3,,,,,3,3,,1100,,,,,,,,,,,,,,2000,,,,,,,,,,,,,,,,,,,,,,,,,,,,,,,,,,,,,,,,,,,,,,,,,,,,,,,,,,,,,,,,,,,,,,,,,,,,,,,,,,,,,,,,,,,,,,,,,,,,,,,,,,,,,,,,,,,,,,,,,,,,,,,,,,,,,,,,,,,,,,,,,,,,,,,,
,4,,,,,4,4,,1250,,,,,,,,,,,,,,2375,,,,,,,,,,,,,,,,,,,,,,,,,,,,,,,,,,,,,,,,,,,,,,,,,,,,,,,,,,,,,,,,,,,,,,,,,,,,,,,,,,,,,,,,,,,,,,,,,,,,,,,,,,,,,,,,,,,,,,,,,,,,,,,,,,,,,,,,,,,,,,,,,,,,,,,,
,5,,,,,5,5,,1400,,,,,,,,,,,,,,2750,,,,,,,,,,,,,,,,,,,,,,,,,,,,,,,,,,,,,,,,,,,,,,,,,,,,,,,,,,,,,,,,,,,,,,,,,,,,,,,,,,,,,,,,,,,,,,,,,,,,,,,,,,,,,,,,,,,,,,,,,,,,,,,,,,,,,,,,,,,,,,,,,,,,,,,,
Capital Barbarian,1,,TID_BARBARIAN,TID_CHARACTER_INFO_BARBARIAN,1,,,150,150,,,,,,,,,,,30,1000,,25,1,,,,sc/ui.sc,icon_unit_barbarian,unit_barbarian_big,sc/info_barbarian.sc,,,,,,Barbarian Deploy,Barbarian Attack,,Barbarian Hit,,FALSE,FALSE,TRUE,,Barbarian Die,,Capital Barbarian,,FALSE,,0,TombStone_CC,,,,,TRUE,,TRUE,,,,,,,,,,,,,100,,,,75,,,,,,,,,,,,,,,,,,-40,,,,,,,,,,50,50,,TRUE,,,,,,,,,,,,,,,,,,,,,,,,,,,,TRUE,,,,,,,,,,,,,,,,,,,,,,,,,,,,,,,,,,,,,,,
,2,,,,,,,,175,,,,,,,,,,,,,,30,,,,,,,,,,,,,,,,,,,,,,,,,,,,,,,,,,,,,,,,,,,,,,,,,,100,,,,,,,,,,,,,,,,,,,,,,,,,,,,,,,,,,,,,,,,,,,,,,,,,,,,,,,,,,,,,,,,,,,,,,,,,,,,,,,,,,,,,,,,,,,,,,,,,,,,,,
,3,,,,,,,,200,,,,,,,,,,,,,,35,,,,,,,,,,,,,,,,,,,,,,,,,,,,,,,,,,,,,,,,,,,,,,,,,,90,,,,,,,,,,,,,,,,,,,,,,,,,,,,,,,,,,,,,,,,,,,,,,,,,,,,,,,,,,,,,,,,,,,,,,,,,,,,,,,,,,,,,,,,,,,,,,,,,,,,,,
,4,,,,,,,,225,,,,,,,,,,,,,,40,,,,,,,,,,,,,,,,,,,,,,,,,,,,,,,,,,,,,,,,,,,,,,,,,,80,,,,,,,,,,,,,,,,,,,,,,,,,,,,,,,,,,,,,,,,,,,,,,,,,,,,,,,,,,,,,,,,,,,,,,,,,,,,,,,,,,,,,,,,,,,,,,,,,,,,,,
,5,,,,,,,,250,,,,,,,,,,,,,,45,,,,,,,,,,,,,,,,,,,,,,,,,,,,,,,,,,,,,,,,,,,,,,,,,,70,,,,,,,,,,,,,,,,,,,,,,,,,,,,,,,,,,,,,,,,,,,,,,,,,,,,,,,,,,,,,,,,,,,,,,,,,,,,,,,,,,,,,,,,,,,,,,,,,,,,,,
Minion Squad,1,,TID_MINION_HORDE,TID_CHARACTER_INFO_MINION_HORDE,10,1,1,,,,,,,,,,,,,,,,,,,,,sc/ui.sc,icon_unit_minion_horde_cc,,,,,,,,,,,,,,,,,,,,Minion Barracks,,,,,,,,,,,,,,,,,,,,,,,,120,,,,,,Minion Squad,,,,,,,,,,,,,,,,,,,,,,,,,,,,,,,,,,,,,,,,,,,,,,,,,,,,,,,,,TRUE,,,,,,,,,,,,,,,,,,,,,,,,,,,,,,,,,,,,,,,
,2,,,,,2,2,,,,,,,,,,,,,,,,,,,,,,,,,,,,,,,,,,,,,,,,,,,,,,,,,,,,,,,,,,,,,,,,,,120,,,,,,,,,,,,,,,,,,,,,,,,,,,,,,,,,,,,,,,,,,,,,,,,,,,,,,,,,,,,,,,,,,,,,,,,,,,,,,,,,,,,,,,,,,,,,,,,,,,,,,
,3,,,,,3,3,,,,,,,,,,,,,,,,,,,,,,,,,,,,,,,,,,,,,,,,,,,,,,,,,,,,,,,,,,,,,,,,,,115,,,,,,,,,,,,,,,,,,,,,,,,,,,,,,,,,,,,,,,,,,,,,,,,,,,,,,,,,,,,,,,,,,,,,,,,,,,,,,,,,,,,,,,,,,,,,,,,,,,,,,
,4,,,,,4,4,,,,,,,,,,,,,,,,,,,,,,,,,,,,,,,,,,,,,,,,,,,,,,,,,,,,,,,,,,,,,,,,,,110,,,,,,,,,,,,,,,,,,,,,,,,,,,,,,,,,,,,,,,,,,,,,,,,,,,,,,,,,,,,,,,,,,,,,,,,,,,,,,,,,,,,,,,,,,,,,,,,,,,,,,
,5,,,,,5,5,,,,,,,,,,,,,,,,,,,,,,,,,,,,,,,,,,,,,,,,,,,,,,,,,,,,,,,,,,,,,,,,,,105,,,,,,,,,,,,,,,,,,,,,,,,,,,,,,,,,,,,,,,,,,,,,,,,,,,,,,,,,,,,,,,,,,,,,,,,,,,,,,,,,,,,,,,,,,,,,,,,,,,,,,
Minion,1,,TID_GARGOYLE,TID_CHARACTER_INFO_MINION,2,,,300,60,,,,,,,,,,,150,1000,,38,1,,,,sc/ui.sc,icon_unit_gargoyle,unit_flyingF_big,sc/info_minion.sc,MinionProjectile,,,,,Gargoyle Deploy,Gargoyle Attack,,Gargoyle Hit,,TRUE,TRUE,TRUE,,Gargoyle Die,,Capital Minion,,FALSE,,100,TombStone_CC,,,,,TRUE,,,,,,,,,,,,,,,120,,,,,,,,,,,,,,,,,,,,,,45,,,,,,,,,,150,150,,TRUE,,,,,,,,,,,,,,,,,,,,,,,,,,,,TRUE,,,,,,,,,,,,,,,,,,,,,,,,,,,,,,,,,,,,,,,167
,2,,,,,,,,70,,,,,,,,,,,,,,46,,,,,,,,,,,,,,,,,,,,,,,,,,,,,,,,,,,,,,,,,,,,,,,,,,120,,,,,,,,,,,,,,,,,,,,,,,,,,,,,,,,,,,,,,,,,,,,,,,,,,,,,,,,,,,,,,,,,,,,,,,,,,,,,,,,,,,,,,,,,,,,,,,,,,,,,,
,3,,,,,,,,80,,,,,,,,,,,,,,54,,,,,,,,,,,,,,,,,,,,,,,,,,,,,,,,,,,,,,,,,,,,,,,,,,115,,,,,,,,,,,,,,,,,,,,,,,,,,,,,,,,,,,,,,,,,,,,,,,,,,,,,,,,,,,,,,,,,,,,,,,,,,,,,,,,,,,,,,,,,,,,,,,,,,,,,,
,4,,,,,,,,90,,,,,,,,,,,,,,62,,,,,,,,,,,,,,,,,,,,,,,,,,,,,,,,,,,,,,,,,,,,,,,,,,110,,,,,,,,,,,,,,,,,,,,,,,,,,,,,,,,,,,,,,,,,,,,,,,,,,,,,,,,,,,,,,,,,,,,,,,,,,,,,,,,,,,,,,,,,,,,,,,,,,,,,,
,5,,,,,,,,100,,,,,,,,,,,,,,70,,,,,,,,,,,,,,,,,,,,,,,,,,,,,,,,,,,,,,,,,,,,,,,,,,105,,,,,,,,,,,,,,,,,,,,,,,,,,,,,,,,,,,,,,,,,,,,,,,,,,,,,,,,,,,,,,,,,,,,,,,,,,,,,,,,,,,,,,,,,,,,,,,,,,,,,,
Super Wizard Squad,1,,TID_SUPER_WIZARDS,TID_CHARACTER_INFO_SUPER_WIZARDS,30,,,,,,,,,,,,,,,,,,,,,,,sc/ui.sc,icon_unit_elite_wizard_cc,,,,,,,,,,,,,,,,,,,,,,,,,,,,,TRUE,,,,,,,,,,,,,,,200,,,,,,Super Wizard Squad,,,,,,,,,,,,,,,,,,,,,,,,,,,,,,,,,,,,,,,,,,,,,,,,,,,,,,,,,TRUE,,,,,,,,,,,,,,,,,,,,,,,,,,,,,,,,,,,,,,,
,2,,,,,,,,,,,,,,,,,,,,,,,,,,,,,,,,,,,,,,,,,,,,,,,,,,,,,,,,,,,,,,,,,,,,,,,,250,,,,,,,,,,,,,,,,,,,,,,,,,,,,,,,,,,,,,,,,,,,,,,,,,,,,,,,,,,,,,,,,,,,,,,,,,,,,,,,,,,,,,,,,,,,,,,,,,,,,,,
,3,,,,,,,,,,,,,,,,,,,,,,,,,,,,,,,,,,,,,,,,,,,,,,,,,,,,,,,,,,,,,,,,,,,,,,,,250,,,,,,,,,,,,,,,,,,,,,,,,,,,,,,,,,,,,,,,,,,,,,,,,,,,,,,,,,,,,,,,,,,,,,,,,,,,,,,,,,,,,,,,,,,,,,,,,,,,,,,
,4,,,,,,,,,,,,,,,,,,,,,,,,,,,,,,,,,,,,,,,,,,,,,,,,,,,,,,,,,,,,,,,,,,,,,,,,250,,,,,,,,,,,,,,,,,,,,,,,,,,,,,,,,,,,,,,,,,,,,,,,,,,,,,,,,,,,,,,,,,,,,,,,,,,,,,,,,,,,,,,,,,,,,,,,,,,,,,,
,5,,,,,,,,,,,,,,,,,,,,,,,,,,,,,,,,,,,,,,,,,,,,,,,,,,,,,,,,,,,,,,,,,,,,,,,,250,,,,,,,,,,,,,,,,,,,,,,,,,,,,,,,,,,,,,,,,,,,,,,,,,,,,,,,,,,,,,,,,,,,,,,,,,,,,,,,,,,,,,,,,,,,,,,,,,,,,,,
Super Wizard,1,,TID_SUPER_WIZARD,TID_SUPER_WIZARD_INFO,10,1,1,160,400,,,,,,,,,,,250,2000,,160,1,,,,sc/ui.sc,icon_unit_elite_wizard,unit_elite_wizard_big,sc/info_elite_wizard.sc,,,,,,Super Wizard Deploy,Super Wizard Attack,,Super Wizard Hit,,FALSE,TRUE,TRUE,,Wizard Die,,Capital Super Wizard,Super Wizard Barracks,FALSE,,30,TombStone_CC,,,,,,,,,,,,,,,,,,,,200,,,,75,,,,,,,,,,,,,,,,,,-40,,,,,,,,,,1000,1000,,TRUE,,225,10,128,60,Super Wizard Attack Chain,,,,,,,,,,,,1,TID_SUPER_WIZARD_ABILITY_NAME,TID_SUPER_WIZARD_ABILITY_HELP,,,,,,,,TRUE,,,,,,,,,,,,,,,,,,,,,,,,,,,,,,,,,,,,,,,1000
,2,,,,,2,2,,500,,,,,,,,,,,,,,180,,,,,,,,,,,,,,,,,,,,,,,,,,,,,,,,,,,,,,,,,,,,,,,,,,250,,,,,,,,,,,,,,,,,,,,,,,,,,,,,,,,,,,,,,,,,,,,,,,,,,,,,,,,,,,,,,,,,,,,,,,,,,,,,,,,,,,,,,,,,,,,,,,,,,,,,,
,3,,,,,3,3,,600,,,,,,,,,,,,,,200,,,,,,,,,,,,,,,,,,,,,,,,,,,,,,,,,,,,,,,,,,,,,,,,,,250,,,,,,,,,,,,,,,,,,,,,,,,,,,,,,,,,,,,,,,,,,,,,,,,,,,,,,,,,,,,,,,,,,,,,,,,,,,,,,,,,,,,,,,,,,,,,,,,,,,,,,
,4,,,,,4,4,,700,,,,,,,,,,,,,,220,,,,,,,,,,,,,,,,,,,,,,,,,,,,,,,,,,,,,,,,,,,,,,,,,,250,,,,,,,,,,,,,,,,,,,,,,,,,,,,,,,,,,,,,,,,,,,,,,,,,,,,,,,,,,,,,,,,,,,,,,,,,,,,,,,,,,,,,,,,,,,,,,,,,,,,,,
,5,,,,,5,5,,800,,,,,,,,,,,,,,240,,,,,,,,,,,,,,,,,,,,,,,,,,,,,,,,,,,,,,,,,,,,,,,,,,250,,,,,,,,,,,,,,,,,,,,,,,,,,,,,,,,,,,,,,,,,,,,,,,,,,,,,,,,,,,,,,,,,,,,,,,,,,,,,,,,,,,,,,,,,,,,,,,,,,,,,,
Rocket Balloon Squad,1,,TID_ROCKET_BALLOONS,TID_CHARACTER_INFO_ROCKET_BALLOONS,15,1,1,,,,,,,,,,,,,,,,,,,,,sc/ui.sc,icon_unit_elite_balloon_cc,,,,,,,,,,,,,,,,,,,,Rocket Balloon Barracks,,,,,,,,,,,,,,,,,,,,,,,,300,,,,,,Rocket Balloon Squad,,,,,,,,,,,,,,,,,,,,,,,,,,,,,,,,,,,,,,,,,,,,,,,,,,,,,,,,,TRUE,,,,,,,,,,,,,,,,,,,,,,,,,,,,,,,,,,,,,,,
,2,,,,,2,2,,,,,,,,,,,,,,,,,,,,,,,,,,,,,,,,,,,,,,,,,,,,,,,,,,,,,,,,,,,,,,,,,,350,,,,,,,,,,,,,,,,,,,,,,,,,,,,,,,,,,,,,,,,,,,,,,,,,,,,,,,,,,,,,,,,,,,,,,,,,,,,,,,,,,,,,,,,,,,,,,,,,,,,,,
,3,,,,,3,3,,,,,,,,,,,,,,,,,,,,,,,,,,,,,,,,,,,,,,,,,,,,,,,,,,,,,,,,,,,,,,,,,,400,,,,,,,,,,,,,,,,,,,,,,,,,,,,,,,,,,,,,,,,,,,,,,,,,,,,,,,,,,,,,,,,,,,,,,,,,,,,,,,,,,,,,,,,,,,,,,,,,,,,,,
,4,,,,,4,4,,,,,,,,,,,,,,,,,,,,,,,,,,,,,,,,,,,,,,,,,,,,,,,,,,,,,,,,,,,,,,,,,,400,,,,,,,,,,,,,,,,,,,,,,,,,,,,,,,,,,,,,,,,,,,,,,,,,,,,,,,,,,,,,,,,,,,,,,,,,,,,,,,,,,,,,,,,,,,,,,,,,,,,,,
,5,,,,,5,5,,,,,,,,,,,,,,,,,,,,,,,,,,,,,,,,,,,,,,,,,,,,,,,,,,,,,,,,,,,,,,,,,,400,,,,,,,,,,,,,,,,,,,,,,,,,,,,,,,,,,,,,,,,,,,,,,,,,,,,,,,,,,,,,,,,,,,,,,,,,,,,,,,,,,,,,,,,,,,,,,,,,,,,,,
Rocket Balloon,1,,TID_CHARACTER_HASTY_BALLOON,TID_CHARACTER_INFO_HASTY_BALLOON,8,,,110,720,,,,,,,,,,,0,3000,,175,1,100,,TRUE,sc/ui.sc,icon_unit_elite_balloon,unit_rocketBalloon_big,sc/info_rocket_balloon.sc,,,,Defense,,Balloon Rocket Deploy,Balloon Goblin Attack,,Balloon Goblin Hit,,TRUE,FALSE,TRUE,,Balloon Goblin Die,,Capital Rocket Balloon,,FALSE,,20,TombStone_CC,400,100,Capital Rocket Balloon Explosion,416,TRUE,,,,,,,,,,,,,,,300,,,,,,,,,,,,,,,,,,,,,,75,,,,,,,,,,600,600,2250,TRUE,,,,,,,,,,,,,,,,,,1,TID_HASTY_BALLOON_ABILITY_NAME,TID_HASTY_BALLOON_ABILITY_HELP,StartRage,4,,,TroopHaste,,,TRUE,,,,,,,,,,,,,,,,,,,,,,,,,,,,,,,,,,,,,,,750
,2,,,,,,,,800,,,,,,,,,,,,,,200,,,,,,,,,,,,,,,,,,,,,,,,,,,,,,,450,,Capital Rocket Balloon Explosion,,,,,,,,,,,,,,,,,350,,,,,,,,,,,,,,,,,,,,,,,,,,,,,,,,,,,,,,,,,,,,,,,,,,,,,,,,,,,,,,,,,,,,,,,,,,,,,,,,,,,,,,,,,,,,,,,,,,,,,,
,3,,,,,,,,880,,,,,,,,,,,,,,225,,,,,,,,,,,,,,,,,,,,,,,,,,,,,,,500,,Capital Rocket Balloon Explosion,,,,,,,,,,,,,,,,,400,,,,,,,,,,,,,,,,,,,,,,,,,,,,,,,,,,,,,,,,,,,,,,,,,,,,,,,,,,,,,,,,,,,,,,,,,,,,,,,,,,,,,,,,,,,,,,,,,,,,,,
,4,,,,,,,,960,,,,,,,,,,,,,,250,,,,,,,,,,,,,,,,,,,,,,,,,,,,,,,550,,Capital Rocket Balloon Explosion,,,,,,,,,,,,,,,,,400,,,,,,,,,,,,,,,,,,,,,,,,,,,,,,,,,,,,,,,,,,,,,,,,,,,,,,,,,,,,,,,,,,,,,,,,,,,,,,,,,,,,,,,,,,,,,,,,,,,,,,
,5,,,,,,,,1040,,,,,,,,,,,,,,275,,,,,,,,,,,,,,,,,,,,,,,,,,,,,,,600,,Capital Rocket Balloon Explosion,,,,,,,,,,,,,,,,,400,,,,,,,,,,,,,,,,,,,,,,,,,,,,,,,,,,,,,,,,,,,,,,,,,,,,,,,,,,,,,,,,,,,,,,,,,,,,,,,,,,,,,,,,,,,,,,,,,,,,,,
Skeleton Barrel Squad,1,,TID_SKELETON_BARRELS,TID_CHARACTER_INFO_SKELETON_BARRELS,15,1,1,,,,,,,,,,,,,,,,,,,,,sc/ui.sc,icon_unit_skeletonBarrel_cc,,,,,,,,,,,,,,,,,,,,Skeleton Barrel Barracks,,,,,,,,,,,,,,,,,,,,,,,,100,,,,,,Skeleton Barrel Squad,,,,,,,,,,,,,,,,,,,,,,,,,,,,,,,,,,,,,,,,,,,,,,,,,,,,,,,,,TRUE,,,,,,,,,,,,,,,,,,,,,,,,,,,,,,,,,,,,,,,
,2,,,,,2,2,,,,,,,,,,,,,,,,,,,,,,,,,,,,,,,,,,,,,,,,,,,,,,,,,,,,,,,,,,,,,,,,,,190,,,,,,,,,,,,,,,,,,,,,,,,,,,,,,,,,,,,,,,,,,,,,,,,,,,,,,,,,,,,,,,,,,,,,,,,,,,,,,,,,,,,,,,,,,,,,,,,,,,,,,
,3,,,,,3,3,,,,,,,,,,,,,,,,,,,,,,,,,,,,,,,,,,,,,,,,,,,,,,,,,,,,,,,,,,,,,,,,,,260,,,,,,,,,,,,,,,,,,,,,,,,,,,,,,,,,,,,,,,,,,,,,,,,,,,,,,,,,,,,,,,,,,,,,,,,,,,,,,,,,,,,,,,,,,,,,,,,,,,,,,
,4,,,,,4,4,,,,,,,,,,,,,,,,,,,,,,,,,,,,,,,,,,,,,,,,,,,,,,,,,,,,,,,,,,,,,,,,,,330,,,,,,,,,,,,,,,,,,,,,,,,,,,,,,,,,,,,,,,,,,,,,,,,,,,,,,,,,,,,,,,,,,,,,,,,,,,,,,,,,,,,,,,,,,,,,,,,,,,,,,
,5,,,,,5,5,,,,,,,,,,,,,,,,,,,,,,,,,,,,,,,,,,,,,,,,,,,,,,,,,,,,,,,,,,,,,,,,,,330,,,,,,,,,,,,,,,,,,,,,,,,,,,,,,,,,,,,,,,,,,,,,,,,,,,,,,,,,,,,,,,,,,,,,,,,,,,,,,,,,,,,,,,,,,,,,,,,,,,,,,
Skeleton Barrel,1,,TID_CHARACTER_SKELETON_BARREL,TID_CHARACTER_INFO_SKELETON_BARREL,5,,,100,500,,,,,,,,,,,0,1000,,324,1,100,,TRUE,sc/ui.sc,icon_unit_skeletonBarrel,unit_skeleton_barrel_big,sc/info_skeleton_barrel.sc,,,,Defense,,Skeleton Barrel Deploy,Balloon Goblin Attack,,Balloon Goblin Hit,,TRUE,FALSE,TRUE,1,Skeleton Barrel Die,,Capital Skeleton Barrel,,FALSE,,20,TombStone_CC,,,,,TRUE,Skeleton,,8,110,TRUE,,,,,,,,,,100,,,,,,,,,,,,,,,,,,,,,,60,,,,,,,,,,500,500,2250,TRUE,,,,,,,,,,,,,,,,,,,,,,,,,,,,TRUE,,,,,,,,,,,,,,,,,,,,,,,,,,,,,,,,,,,,,,,500
,2,,,,,,,,600,,,,,,,,,,,,,,486,,,,,,,,,,,,,,,,,,,,,,,,,,,,,,,,,,,,,,9,,,,,,,,,,,,190,,,,,,,,,,,,,,,,,,,,,,,,,,,,,,,,,,,,,,,,,,,,,,,,,,,,,,,,,,,,,,,,,,,,,,,,,,,,,,,,,,,,,,,,,,,,,,,,,,,,,,
,3,,,,,,,,700,,,,,,,,,,,,,,594,,,,,,,,,,,,,,,,,,,,,,,,,,,,,,,,,,,,,,10,,,,,,,,,,,,260,,,,,,,,,,,,,,,,,,,,,,,,,,,,,,,,,,,,,,,,,,,,,,,,,,,,,,,,,,,,,,,,,,,,,,,,,,,,,,,,,,,,,,,,,,,,,,,,,,,,,,
,4,,,,,,,,800,,,,,,,,,,,,,,708,,,,,,,,,,,,,,,,,,,,,,,,,,,,,,,,,,,,,,11,,,,,,,,,,,,330,,,,,,,,,,,,,,,,,,,,,,,,,,,,,,,,,,,,,,,,,,,,,,,,,,,,,,,,,,,,,,,,,,,,,,,,,,,,,,,,,,,,,,,,,,,,,,,,,,,,,,
,5,,,,,,,,900,,,,,,,,,,,,,,768,,,,,,,,,,,,,,,,,,,,,,,,,,,,,,,,,,,,,,12,,,,,,,,,,,,330,,,,,,,,,,,,,,,,,,,,,,,,,,,,,,,,,,,,,,,,,,,,,,,,,,,,,,,,,,,,,,,,,,,,,,,,,,,,,,,,,,,,,,,,,,,,,,,,,,,,,,
Flying Fortress,1,,TID_FLYING_FORTRESS,TID_FLYING_FORTRESS_INFO,100,1,1,110,10000,,,,,,,,,,,450,2000,,300,,,,,sc/ui.sc,icon_unit_flyingFortress_cc,unit_flying_fortress,sc/info_flying_fortress.sc,FlyingFortressProjectile,,,Defense,,Flying Fortress Deploy,,,Flying Fortress Hit,,TRUE,TRUE,TRUE,,Flying Fortress Destroyed Top,Flying Fortress Destroyed Bottom,CapitalFlyingFortress,Flying Fortress Barracks,FALSE,,15,TombStone_CC,,,,,,Skeleton Glider,,10,,,,,,,,,,,,160,,,900,,,,,,,,,,,,,,,,,,,60,,,,,,,,,,10000,10000,,TRUE,,,,,,,,,,,,,,,,,,1,TID_FLYING_FORTRESS_ABILITY_NAME,TID_FLYING_FORTRESS_ABILITY_INFO,CastSpellOnDeath,1,22,,CapitalFortressSpawner,,,TRUE,,,,,,,,,,,,,,,,,,,,,,,,,,,,,,,,,,,,,,CapitalFlyingFortressDefault,10000
,2,,,,,2,2,,12000,,,,,,,,,,,,,,325,,,,,,,,,,,,,,,,,,,,,,,,,,,,,,,,,,,,,,12,,,,,,,,,,,,160,,,,,,,,,,,,,,,,,,,,,,,,,,,,,,,,,,,,,,,,,,,,,,,,,,,,,1,,,,2,24,,,,,,,,,,,,,,,,,,,,,,,,,,,,,,,,,,,,,,,,,,,,
,3,,,,,3,3,,14000,,,,,,,,,,,,,,350,,,,,,,,,,,,,,,,,,,,,,,,,,,,,,,,,,,,,,14,,,,,,,,,,,,160,,,,,,,,,,,,,,,,,,,,,,,,,,,,,,,,,,,,,,,,,,,,,,,,,,,,,1,,,,3,26,,,,,,,,,,,,,,,,,,,,,,,,,,,,,,,,,,,,,,,,,,,,
,4,,,,,4,4,,16000,,,,,,,,,,,,,,375,,,,,,,,,,,,,,,,,,,,,,,,,,,,,,,,,,,,,,16,,,,,,,,,,,,160,,,,,,,,,,,,,,,,,,,,,,,,,,,,,,,,,,,,,,,,,,,,,,,,,,,,,1,,,,4,28,,,,,,,,,,,,,,,,,,,,,,,,,,,,,,,,,,,,,,,,,,,,
,5,,,,,5,5,,18000,,,,,,,,,,,,,,400,,,,,,,,,,,,,,,,,,,,,,,,,,,,,,,,,,,,,,18,,,,,,,,,,,,160,,,,,,,,,,,,,,,,,,,,,,,,,,,,,,,,,,,,,,,,,,,,,,,,,,,,,1,,,,5,30,,,,,,,,,,,,,,,,,,,,,,,,,,,,,,,,,,,,,,,,,,,,
Skeleton Glider,1,,TID_SKELETON_GLIDER,TID_CHARACTER_INFO_SKELETON_GLIDER,2,,,230,200,,,,,,,,,,,0,200,,650,1,,,,,,unit_skeleton_glider,sc/info_flying_fortress.sc,,,,Defense,,HogGlider Deploy,BoarRider Attack,,BoarRider Hit,Giant Big Hit,TRUE,FALSE,TRUE,1,Moving Cannon Die,,Capital Skeleton Glider,,FALSE,,0,,,,,,TRUE,Skeleton,TRUE,3,20,,,,,,,,,,,198,,,,,,,,,,,,,,,,,,,,,,45,,,,,,,,,,50,50,,TRUE,,,,,,,,,,,,,,,,,,,,,,,,,,,,TRUE,,,,,,,,,,,,,,,,,,,,,,,,,,,,,,,,,,,,,,,
,2,,,,,,,,250,,,,,,,,,,,,,,700,,,,,,,,,,,,,,,,,,,,,,,,,,,,,,,,,,,,,,,,,,,,,,,,,,204,,,,,,,,,,,,,,,,,,,,,,,,,,,,,,,,,,,,,,,,,,,,,,,,,,,,,,,,,,,,,,,,,,,,,,,,,,,,,,,,,,,,,,,,,,,,,,,,,,,,,,
,3,,,,,,,,300,,,,,,,,,,,,,,750,,,,,,,,,,,,,,,,,,,,,,,,,,,,,,,,,,,,,,,,,,,,,,,,,,212,,,,,,,,,,,,,,,,,,,,,,,,,,,,,,,,,,,,,,,,,,,,,,,,,,,,,,,,,,,,,,,,,,,,,,,,,,,,,,,,,,,,,,,,,,,,,,,,,,,,,,
,4,,,,,,,,350,,,,,,,,,,,,,,800,,,,,,,,,,,,,,,,,,,,,,,,,,,,,,,,,,,,,,,,,,,,,,,,,,220,,,,,,,,,,,,,,,,,,,,,,,,,,,,,,,,,,,,,,,,,,,,,,,,,,,,,,,,,,,,,,,,,,,,,,,,,,,,,,,,,,,,,,,,,,,,,,,,,,,,,,
,5,,,,,,,,400,,,,,,,,,,,,,,850,,,,,,,,,,,,,,,,,,,,,,,,,,,,,,,,,,,,,,,,,,,,,,,,,,228,,,,,,,,,,,,,,,,,,,,,,,,,,,,,,,,,,,,,,,,,,,,,,,,,,,,,,,,,,,,,,,,,,,,,,,,,,,,,,,,,,,,,,,,,,,,,,,,,,,,,,
Skeleton,1,,TID_SKELETON,TID_CHARACTER_INFO_SKELETON3,1,,,200,30,,,,,,,,,,,30,1000,,25,1,,,,,,unit_skeleton_single,sc/info_flying_fortress.sc,,,,,,Skeleton Deploy,Skeleton Attack,,Skeleton Hit,,FALSE,FALSE,TRUE,,Skeleton Die,,Capital Skeleton,,FALSE,,0,,,,,,TRUE,,TRUE,,,,,,,,,,,500,,,,,,75,,,,,,,,,,,,,,,,,,-40,,,,,,,,,,50,50,,TRUE,,,,,,,,,,,,,,,,,,,,,,,,,,,,,,,,,,,,,,,,,,,,,,,,,,,,,,,,,,,,,,,,,,,
Siege Cart Squad,1,,TID_RAID_CART,TID_CHARACTER_INFO_RAID_CART,30,1,1,,,,,,,,,,,,,,,,,,,,,sc/ui.sc,icon_unit_siegeCart_cc,,,,,,,,,,,,,,,,,,,,Raid Cart Barracks,,,,,,,,,,,,,,,,,,,,,,,,895,,,,,,Siege Cart Squad,,,,,,,,,,,,,,,,,,,,,,,,,,,,,,,,,,,,,,,,,,,,,,,,,,,,,,,,,TRUE,,,,,,,,,,,,,,,,,,,,,,,,,,,,,,,,,,,,,,,
,2,,,,,2,2,,,,,,,,,,,,,,,,,,,,,,,,,,,,,,,,,,,,,,,,,,,,,,,,,,,,,,,,,,,,,,,,,,910,,,,,,,,,,,,,,,,,,,,,,,,,,,,,,,,,,,,,,,,,,,,,,,,,,,,,,,,,,,,,,,,,,,,,,,,,,,,,,,,,,,,,,,,,,,,,,,,,,,,,,
,3,,,,,3,3,,,,,,,,,,,,,,,,,,,,,,,,,,,,,,,,,,,,,,,,,,,,,,,,,,,,,,,,,,,,,,,,,,925,,,,,,,,,,,,,,,,,,,,,,,,,,,,,,,,,,,,,,,,,,,,,,,,,,,,,,,,,,,,,,,,,,,,,,,,,,,,,,,,,,,,,,,,,,,,,,,,,,,,,,
,4,,,,,4,4,,,,,,,,,,,,,,,,,,,,,,,,,,,,,,,,,,,,,,,,,,,,,,,,,,,,,,,,,,,,,,,,,,940,,,,,,,,,,,,,,,,,,,,,,,,,,,,,,,,,,,,,,,,,,,,,,,,,,,,,,,,,,,,,,,,,,,,,,,,,,,,,,,,,,,,,,,,,,,,,,,,,,,,,,
,5,,,,,5,5,,,,,,,,,,,,,,,,,,,,,,,,,,,,,,,,,,,,,,,,,,,,,,,,,,,,,,,,,,,,,,,,,,955,,,,,,,,,,,,,,,,,,,,,,,,,,,,,,,,,,,,,,,,,,,,,,,,,,,,,,,,,,,,,,,,,,,,,,,,,,,,,,,,,,,,,,,,,,,,,,,,,,,,,,
Siege Cart,1,,TID_SIEGE_CART,TID_CHARACTER_INFO_MOVING_CANNON,30,,,110,2800,,,,,,,,,,,300,2500,,240,1,,,,sc/ui.sc,icon_unit_movingCannon,unit_movingCannon_big,sc/info_moving_cannon.sc,Moving Cannon Cannonball,,,,,Moving Cannon Deploy,Moving Cannon Attack,,Moving Cannon Hit,,FALSE,FALSE,TRUE,,Moving Cannon Die,,Capital Siege Cart,,FALSE,,0,,,,,,TRUE,Siege Cart Immobile,,,,,,,,,,,,,,,,,,75,,,,,,,,,,,,,,,,,,-40,,,,,,,,,,3000,3000,1200,TRUE,,,,,,,,Moving_cannon_move,,,,,,,,,,1,TID_CANNON_ABILITY_NAME,TID_CANNON_ABILITY_HELP,RespawnAsCannon,1,1200,,,,,TRUE,,,,,,,,,,,,,,,,,,,,,,,,,,,,,,,,,,,,,,,3000
,2,,,,,,,,3100,,,,,,,,,,,,,,280,,,,,,,,,,,,,,,,,,,,,,,,,,,,,,,,,,,,,,,,,,,,,,,,,,,,,,,,,,,,,,,,,,,,,,,,,,,,,,,,,,,,,,,,,,,,,,,,,,,,,,,,,,,2,1400,,,,,,,,,,,,,,,,,,,,,,,,,,,,,,,,,,,,,,,,,,,,
,3,,,,,,,,3400,,,,,,,,,,,,,,320,,,,,,,,,,,,,,,,,,,,,,,,,,,,,,,,,,,,,,,,,,,,,,,,,,,,,,,,,,,,,,,,,,,,,,,,,,,,,,,,,,,,,,,,,,,,,,,,,,,,,,,,,,,3,1600,,,,,,,,,,,,,,,,,,,,,,,,,,,,,,,,,,,,,,,,,,,,
,4,,,,,,,,3700,,,,,,,,,,,,,,360,,,,,,,,,,,,,,,,,,,,,,,,,,,,,,,,,,,,,,,,,,,,,,,,,,,,,,,,,,,,,,,,,,,,,,,,,,,,,,,,,,,,,,,,,,,,,,,,,,,,,,,,,,,4,1800,,,,,,,,,,,,,,,,,,,,,,,,,,,,,,,,,,,,,,,,,,,,
,5,,,,,,,,4000,,,,,,,,,,,,,,400,,,,,,,,,,,,,,,,,,,,,,,,,,,,,,,,,,,,,,,,,,,,,,,,,,,,,,,,,,,,,,,,,,,,,,,,,,,,,,,,,,,,,,,,,,,,,,,,,,,,,,,,,,,5,2000,,,,,,,,,,,,,,,,,,,,,,,,,,,,,,,,,,,,,,,,,,,,
Siege Cart Immobile,1,,TID_MOVING_CANNON,TID_CHARACTER_INFO_MOVING_CANNON,30,,,0,1200,,,,,,,,,,,300,2500,,240,1,,,,,,unit_movingCannon_big,sc/info_moving_cannon.sc,Moving Cannon Cannonball,,,,,Moving Cannon Deploy,Moving Cannon Attack,,Moving Cannon Hit,,FALSE,FALSE,TRUE,,Moving Cannon Die,,Capital Siege Cart Broken,,FALSE,,0,TombStone_CC,,,,,TRUE,,TRUE,,,,,,,,,,,,,,,,,,,,,,,,,,,,,,,,,,,-40,,,,,,,,,,500,500,1200,TRUE,,,,,,,,,,,,,,,,,,,,,,,,,,,,TRUE,,,,100,1000,,,,,,,,,,,,,,,,,,,,,,,,,,,,,,,,,,
,2,,,,,,,,1400,,,,,,,,,,,,,,280,,,,,,,,,,,,,,,,,,,,,,,,,,,,,,,,,,,,,,,,,,,,,,,,,,,,,,,,,,,,,,,,,,,,,,,,,,,,,,,,,,,,,,,,,,,,,,,,,,,,,,,,,,,,,,,,,,,,,,,,,,,,,,,,,,,,,,,,,,,,,,,,,,,,,,,,
,3,,,,,,,,1600,,,,,,,,,,,,,,320,,,,,,,,,,,,,,,,,,,,,,,,,,,,,,,,,,,,,,,,,,,,,,,,,,,,,,,,,,,,,,,,,,,,,,,,,,,,,,,,,,,,,,,,,,,,,,,,,,,,,,,,,,,,,,,,,,,,,,,,,,,,,,,,,,,,,,,,,,,,,,,,,,,,,,,,
,4,,,,,,,,1800,,,,,,,,,,,,,,360,,,,,,,,,,,,,,,,,,,,,,,,,,,,,,,,,,,,,,,,,,,,,,,,,,,,,,,,,,,,,,,,,,,,,,,,,,,,,,,,,,,,,,,,,,,,,,,,,,,,,,,,,,,,,,,,,,,,,,,,,,,,,,,,,,,,,,,,,,,,,,,,,,,,,,,,
,5,,,,,,,,2000,,,,,,,,,,,,,,400,,,,,,,,,,,,,,,,,,,,,,,,,,,,,,,,,,,,,,,,,,,,,,,,,,,,,,,,,,,,,,,,,,,,,,,,,,,,,,,,,,,,,,,,,,,,,,,,,,,,,,,,,,,,,,,,,,,,,,,,,,,,,,,,,,,,,,,,,,,,,,,,,,,,,,,,
Super PEKKA,1,,TID_SUPER_CHARGED_PEKKA,TID_CHARACTER_INFO_SUPER_CHARGED_PEKKA,40,1,1,150,6800,,,,,,,,,,,80,1800,,680,,,,,sc/ui.sc,icon_unit_electric_pekka,unit_charged_pekka_big,sc/info_super_charged_pekka.sc,,,,,,Pekka Deploy,Pekka Attack,,Pekka Hit,,FALSE,FALSE,TRUE,,Capital PEKKA Pre-Death,,Capital PEKKA,Super PEKKA Barracks,FALSE,,0,TombStone_CC,1000,180,Capital PEKKA Death,1500,,,,,,,,,,,,,,,,1250,,,,75,,,,,,,,,,,,,,,,,,-40,,,,,,,,,,4000,4000,,TRUE,,,,,,,,,,,,,,,,,,1,TID_PEKKA2_ABILITY_NAME,TID_PEKKA2_ABILITY_HELP,DieDamage,1000,,,,,,TRUE,,,,,,,,,,,,,,,,,,,,,,,,,,,,,,,,,,,,,,,4000
,2,,,,,2,2,,7600,,,,,,,,,,,,,,760,,,,,,,,,,,,,,,,,,,,,,,,,,,,,,,1200,,,,,,,,,,,,,,,,,,,1262,,,,,,,,,,,,,,,,,,,,,,,,,,,,,,,,,,,,,,,,,,,,,,,,,,,,,1,,,,1200,,,,,,,,,,,,,,,,,,,,,,,,,,,,,,,,,,,,,,,,,,,,,
,3,,,,,3,3,,8400,,,,,,,,,,,,,,840,,,,,,,,,,,,,,,,,,,,,,,,,,,,,,,1400,,,,,,,,,,,,,,,,,,,1274,,,,,,,,,,,,,,,,,,,,,,,,,,,,,,,,,,,,,,,,,,,,,,,,,,,,,1,,,,1400,,,,,,,,,,,,,,,,,,,,,,,,,,,,,,,,,,,,,,,,,,,,,
,4,,,,,4,4,,9200,,,,,,,,,,,,,,920,,,,,,,,,,,,,,,,,,,,,,,,,,,,,,,1600,,,,,,,,,,,,,,,,,,,1286,,,,,,,,,,,,,,,,,,,,,,,,,,,,,,,,,,,,,,,,,,,,,,,,,,,,,1,,,,1600,,,,,,,,,,,,,,,,,,,,,,,,,,,,,,,,,,,,,,,,,,,,,
,5,,,,,5,5,,10000,,,,,,,,,,,,,,1000,,,,,,,,,,,,,,,,,,,,,,,,,,,,,,,1800,,,,,,,,,,,,,,,,,,,1298,,,,,,,,,,,,,,,,,,,,,,,,,,,,,,,,,,,,,,,,,,,,,,,,,,,,,1,,,,1800,,,,,,,,,,,,,,,,,,,,,,,,,,,,,,,,,,,,,,,,,,,,,
Hog Squad,1,,TID_HOG_RAIDERS,TID_CHARACTER_INFO_HOG_RAIDERS,15,1,1,,,,,,,,,,,,,,,,,1,,,,sc/ui.sc,icon_unit_hog_raiders_cc,,,,,,,,,,,,,,,,,,,,Hog Rider Barracks,,,,,,,,,,,,,,,,,,,,,,,,198,,,,,,Hog Squad,,,,,,,,,,,,,,,,,,,,,,,,,,,,,,,,,,,,,,,,,,,,,,,,,,,,,,,,,TRUE,,,,,,,,,,,,,,,,,,,,,,,,,,,,,,,,,,,,,,,
,2,,,,,2,2,,,,,,,,,,,,,,,,,,,,,,,,,,,,,,,,,,,,,,,,,,,,,,,,,,,,,,,,,,,,,,,,,,204,,,,,,,,,,,,,,,,,,,,,,,,,,,,,,,,,,,,,,,,,,,,,,,,,,,,,,,,,,,,,,,,,,,,,,,,,,,,,,,,,,,,,,,,,,,,,,,,,,,,,,
,3,,,,,3,3,,,,,,,,,,,,,,,,,,,,,,,,,,,,,,,,,,,,,,,,,,,,,,,,,,,,,,,,,,,,,,,,,,212,,,,,,,,,,,,,,,,,,,,,,,,,,,,,,,,,,,,,,,,,,,,,,,,,,,,,,,,,,,,,,,,,,,,,,,,,,,,,,,,,,,,,,,,,,,,,,,,,,,,,,
,4,,,,,4,4,,,,,,,,,,,,,,,,,,,,,,,,,,,,,,,,,,,,,,,,,,,,,,,,,,,,,,,,,,,,,,,,,,220,,,,,,,,,,,,,,,,,,,,,,,,,,,,,,,,,,,,,,,,,,,,,,,,,,,,,,,,,,,,,,,,,,,,,,,,,,,,,,,,,,,,,,,,,,,,,,,,,,,,,,
,5,,,,,5,5,,,,,,,,,,,,,,,,,,,,,,,,,,,,,,,,,,,,,,,,,,,,,,,,,,,,,,,,,,,,,,,,,,228,,,,,,,,,,,,,,,,,,,,,,,,,,,,,,,,,,,,,,,,,,,,,,,,,,,,,,,,,,,,,,,,,,,,,,,,,,,,,,,,,,,,,,,,,,,,,,,,,,,,,,
Hog Glider,1,,TID_HOG_GLIDER,TID_CHARACTER_INFO_HOG_GLIDER,5,,,230,650,,,,,,,,,,,25,200,,600,1,,,,sc/ui.sc,icon_unit_hog_glider,unit_hog_glider_big,sc/info_hog_glider.sc,,,,Defense,,HogGlider Deploy,BoarRider Attack,,BoarRider Hit,Giant Big Hit,TRUE,FALSE,TRUE,1,Moving Cannon Die,,Capital Hog Glider,,FALSE,,0,,,,,,TRUE,Hog Rider,,1,75,,,,,,,,,,,198,,,,,,,,,,,,,,,,,,,,,,45,,,,,,,,,,200,200,,TRUE,,,,,,,,,,,,,,,,,,1,TID_HOG_GLIDER_ABILITY_NAME,TID_HOG_GLIDER_ABILITY_HELP,StunTarget,4,,,,Stun_Building_lvl1,,TRUE,,,,,,,,,,,,,,,,,,,,,,,,,,,,,,,,,,,,,,,
,2,,,,,,,,700,,,,,,,,,,,,,,650,,,,,,,,,,,,,,,,,,,,,,,,,,,,,,,,,,,,,,,,,,,,,,,,,,204,,,,,,,,,,,,,,,,,,,,,,,,,,,,,,,,,,,,,,,,,,,,,,,,,,,,,1,,,,4,,,,Stun_Building_lvl1,,,,,,,,,,,,,,,,,,,,,,,,,,,,,,,,,,,,,,,,,
,3,,,,,,,,750,,,,,,,,,,,,,,700,,,,,,,,,,,,,,,,,,,,,,,,,,,,,,,,,,,,,,,,,,,,,,,,,,212,,,,,,,,,,,,,,,,,,,,,,,,,,,,,,,,,,,,,,,,,,,,,,,,,,,,,1,,,,4,,,,Stun_Building_lvl1,,,,,,,,,,,,,,,,,,,,,,,,,,,,,,,,,,,,,,,,,
,4,,,,,,,,800,,,,,,,,,,,,,,750,,,,,,,,,,,,,,,,,,,,,,,,,,,,,,,,,,,,,,,,,,,,,,,,,,220,,,,,,,,,,,,,,,,,,,,,,,,,,,,,,,,,,,,,,,,,,,,,,,,,,,,,1,,,,4,,,,Stun_Building_lvl1,,,,,,,,,,,,,,,,,,,,,,,,,,,,,,,,,,,,,,,,,
,5,,,,,,,,850,,,,,,,,,,,,,,800,,,,,,,,,,,,,,,,,,,,,,,,,,,,,,,,,,,,,,,,,,,,,,,,,,228,,,,,,,,,,,,,,,,,,,,,,,,,,,,,,,,,,,,,,,,,,,,,,,,,,,,,1,,,,4,,,,Stun_Building_lvl1,,,,,,,,,,,,,,,,,,,,,,,,,,,,,,,,,,,,,,,,,
Hog Rider,1,,TID_HOG_RIDER,TID_CHARACTER_INFO_HOG_RIDER,5,,,250,880,,,,,,,,,,,75,1000,,130,1,,,,sc/ui.sc,icon_unit_boarRider,unit_boarRider_big,sc/info_hogrider.sc,,,,Defense,,BoarRider Deploy,BoarRider Attack,,BoarRider Hit,,FALSE,FALSE,TRUE,,BoarRider Die,,Capital Hog Rider,,TRUE,,0,TombStone_CC,,,,,TRUE,,TRUE,,,,,,,,,,,,,198,,,,75,,,,,,,,,,,,,,,,,,-40,,,,,,,,,,500,500,,TRUE,,,,,,,,,,,,,,,,,,,,,,,,,,,,TRUE,,,,,,,,,,,,,,,,,,,,,,,,,,,,,,,,,,,,,,,500
,2,,,,,,,,960,,,,,,,,,,,,,,145,,,,,,,,,,,,,,,,,,,,,,,,,,,,,,,,,,,,,,,,,,,,,,,,,,204,,,,,,,,,,,,,,,,,,,,,,,,,,,,,,,,,,,,,,,,,,,,,,,,,,,,,,,,,,,,,,,,,,,,,,,,,,,,,,,,,,,,,,,,,,,,,,,,,,,,,,
,3,,,,,,,,1040,,,,,,,,,,,,,,160,,,,,,,,,,,,,,,,,,,,,,,,,,,,,,,,,,,,,,,,,,,,,,,,,,212,,,,,,,,,,,,,,,,,,,,,,,,,,,,,,,,,,,,,,,,,,,,,,,,,,,,,,,,,,,,,,,,,,,,,,,,,,,,,,,,,,,,,,,,,,,,,,,,,,,,,,
,4,,,,,,,,1120,,,,,,,,,,,,,,175,,,,,,,,,,,,,,,,,,,,,,,,,,,,,,,,,,,,,,,,,,,,,,,,,,220,,,,,,,,,,,,,,,,,,,,,,,,,,,,,,,,,,,,,,,,,,,,,,,,,,,,,,,,,,,,,,,,,,,,,,,,,,,,,,,,,,,,,,,,,,,,,,,,,,,,,,
,5,,,,,,,,1200,,,,,,,,,,,,,,190,,,,,,,,,,,,,,,,,,,,,,,,,,,,,,,,,,,,,,,,,,,,,,,,,,228,,,,,,,,,,,,,,,,,,,,,,,,,,,,,,,,,,,,,,,,,,,,,,,,,,,,,,,,,,,,,,,,,,,,,,,,,,,,,,,,,,,,,,,,,,,,,,,,,,,,,,
Super Dragon,1,,TID_SUPER_DRAGON,TID_SUPER_DRAGON_INFO,40,1,1,130,5800,,,,,,,,,,,225,1800,1500,84,1,120,,,sc/ui.sc,icon_unit_elite_dragon,unit_superdragon_big,sc/info_super_dragon.sc,SuperDragonProjectile,,,,,Super Dragon Deploy,Super Dragon Attack,,Capital Super Dragon Hit,,TRUE,TRUE,TRUE,,Dragon Die,,Capital Super Dragon,Super Dragon Barracks,FALSE,,15,TombStone_CC,,,,,,,,,,,,,,,,,,,,100,,,,,,,,10,192,,,,,,,,,,,,,60,,,,,,,,,,4000,4000,,TRUE,,,,,,,,,,,,,,,,,,1,TID_SUPER_DRAGON_ABILITY_NAME,TID_SUPER_DRAGON_ABILITY_HELP,,,,,,,,TRUE,,,,,,,,,,,,,,,,,,,,,,,,,,,,,,,,,,,,,,,4000
,2,,,,,2,2,,6100,,,,,,,,,,,,,,92,,,,,,,,,,,,,,,,,,,,,,,,,,,,,,,,,,,,,,,,,,,,,,,,,,190,,,,,,,,,,,,,,,,,,,,,,,,,,,,,,,,,,,,,,,,,,,,,,,,,,,,,,,,,,,,,,,,,,,,,,,,,,,,,,,,,,,,,,,,,,,,,,,,,,,,,,
,3,,,,,3,3,,6400,,,,,,,,,,,,,,100,,,,,,,,,,,,,,,,,,,,,,,,,,,,,,,,,,,,,,,,,,,,,,,,,,260,,,,,,,,,,,,,,,,,,,,,,,,,,,,,,,,,,,,,,,,,,,,,,,,,,,,,,,,,,,,,,,,,,,,,,,,,,,,,,,,,,,,,,,,,,,,,,,,,,,,,,
,4,,,,,4,4,,6700,,,,,,,,,,,,,,108,,,,,,,,,,,,,,,,,,,,,,,,,,,,,,,,,,,,,,,,,,,,,,,,,,330,,,,,,,,,,,,,,,,,,,,,,,,,,,,,,,,,,,,,,,,,,,,,,,,,,,,,,,,,,,,,,,,,,,,,,,,,,,,,,,,,,,,,,,,,,,,,,,,,,,,,,
,5,,,,,5,5,,7000,,,,,,,,,,,,,,116,,,,,,,,,,,,,,,,,,,,,,,,,,,,,,,,,,,,,,,,,,,,,,,,,,330,,,,,,,,,,,,,,,,,,,,,,,,,,,,,,,,,,,,,,,,,,,,,,,,,,,,,,,,,,,,,,,,,,,,,,,,,,,,,,,,,,,,,,,,,,,,,,,,,,,,,,
Mountain Golem,1,,TID_MOUNTAIN_GOLEM,TID_MOUNTAIN_GOLEM_INFO,160,1,1,60,28000,,,,,,,,,,,200,3000,,800,,75,,,sc/ui.sc,icon_unit_king_golem_cc,unit_mountain_golem,sc/info_mountain_golem.sc,,GolemExplosion,,,,Mountain Golem Deploy,,,Mountain Golem Hit,,FALSE,FALSE,TRUE,,,,CapitalMountainGolem,Mountain Golem Barracks,TRUE,,0,TombStone_CC,300,250,Mountain Golem Explosion,400,,,,,300,,,,,,,,,,,1750,DestroyWalls,0,,20,,,,,,,,,,,,,,,,,,0,,,,,,,,,,16000,16000,,TRUE,,,,,,,Mountain Golem Attack,,,,,,,,,,,1,TID_MOUNTAIN_GOLEM_ABILITY_NAME,TID_MOUNTAIN_GOLEM_ABILITY_INFO,ShootProjectilesOnDeath,5,400,200,,,,TRUE,,,,,,,,,,,,,,,,,,,,,,,,,,,,,,,,,,,,,,CapitalMountainGolemDefault,16000
,2,,,,,2,2,,32000,,,,,,,,,,,,,,900,,,,,,,,,,,,,,,,,,,,,,,,,,,,,,,350,,,,,,,,,,,,,,,,,,,1750,,,,,,,,,,,,,,,,,,,,,,,,,,,,,,,,,,,,,,,,,,,,,,,,,,,,,1,,,,5,500,,,,,,,,,,,,,,,,,,,,,,,,,,,,,,,,,,,,,,,,,,,,
,3,,,,,3,3,,36000,,,,,,,,,,,,,,1000,,,,,,,,,,,,,,,,,,,,,,,,,,,,,,,400,,,,,,,,,,,,,,,,,,,1750,,,,,,,,,,,,,,,,,,,,,,,,,,,,,,,,,,,,,,,,,,,,,,,,,,,,,1,,,,5,600,,,,,,,,,,,,,,,,,,,,,,,,,,,,,,,,,,,,,,,,,,,,
,4,,,,,4,4,,40000,,,,,,,,,,,,,,1100,,,,,,,,,,,,,,,,,,,,,,,,,,,,,,,450,,,,,,,,,,,,,,,,,,,1750,,,,,,,,,,,,,,,,,,,,,,,,,,,,,,,,,,,,,,,,,,,,,,,,,,,,,1,,,,5,700,,,,,,,,,,,,,,,,,,,,,,,,,,,,,,,,,,,,,,,,,,,,
,5,,,,,5,5,,44000,,,,,,,,,,,,,,1200,,,,,,,,,,,,,,,,,,,,,,,,,,,,,,,500,,,,,,,,,,,,,,,,,,,1750,,,,,,,,,,,,,,,,,,,,,,,,,,,,,,,,,,,,,,,,,,,,,,,,,,,,,1,,,,5,800,,,,,,,,,,,,,,,,,,,,,,,,,,,,,,,,,,,,,,,,,,,,
Unused1,1,,TID_GOLEM,TID_CHARACTER_INFO_GOLEM,30,4,1,110,5100,,,,,,,,,,,100,2400,,35,1,,,,sc/ui.sc,icon_unit_golem,unit_golem_big,sc/info_golem.sc,,,,Defense,,Golem Deploy,Golem Attack,,Golem Hit,,FALSE,FALSE,TRUE,,,,Golem_lvl9,,FALSE,,0,TombStone_CC,350,110,,0,TRUE,,TRUE,,,,,,,,,,,,,160,,,,,,,,,,,,,,,,,,,,,,-40,,,,,,,,,,1000,1000,,TRUE,,,,,,,,,,,,,,,,,,,,,,,,,,,,,,,,,,,,,,,,,,,,,,,,,,,,,,,,,,,,,,,,,,,
Unused2,1,,TID_GOLEM,TID_CHARACTER_INFO_GOLEM,30,4,1,110,5100,,,,,,,,,,,100,2400,,35,1,,,,sc/ui.sc,icon_unit_golem,unit_golem_big,sc/info_golem.sc,,,,Defense,,Golem Deploy,Golem Attack,,Golem Hit,,FALSE,FALSE,TRUE,,,,Golem_lvl9,,FALSE,,0,TombStone_CC,350,110,,0,TRUE,,TRUE,,,,,,,,,,,,,160,,,,,,,,,,,,,,,,,,,,,,-40,,,,,,,,,,1000,1000,,TRUE,,,,,,,,,,,,,,,,,,,,,,,,,,,,,,,,,,,,,,,,,,,,,,,,,,,,,,,,,,,,,,,,,,,
Unused3,1,,TID_GOLEM,TID_CHARACTER_INFO_GOLEM,30,4,1,110,5100,,,,,,,,,,,100,2400,,35,1,,,,sc/ui.sc,icon_unit_golem,unit_golem_big,sc/info_golem.sc,,,,Defense,,Golem Deploy,Golem Attack,,Golem Hit,,FALSE,FALSE,TRUE,,,,Golem_lvl9,,FALSE,,0,TombStone_CC,350,110,,0,TRUE,,TRUE,,,,,,,,,,,,,160,,,,,,,,,,,,,,,,,,,,,,-40,,,,,,,,,,1000,1000,,TRUE,,,,,,,,,,,,,,,,,,,,,,,,,,,,,,,,,,,,,,,,,,,,,,,,,,,,,,,,,,,,,,,,,,,
Unused4,1,,TID_GOLEM,TID_CHARACTER_INFO_GOLEM,30,4,1,110,5100,,,,,,,,,,,100,2400,,35,1,,,,sc/ui.sc,icon_unit_golem,unit_golem_big,sc/info_golem.sc,,,,Defense,,Golem Deploy,Golem Attack,,Golem Hit,,FALSE,FALSE,TRUE,,,,Golem_lvl9,,FALSE,,0,TombStone_CC,350,110,,0,TRUE,,TRUE,,,,,,,,,,,,,160,,,,,,,,,,,,,,,,,,,,,,-40,,,,,,,,,,1000,1000,,TRUE,,,,,,,,,,,,,,,,,,,,,,,,,,,,,,,,,,,,,,,,,,,,,,,,,,,,,,,,,,,,,,,,,,,
Unused5,1,,TID_GOLEM,TID_CHARACTER_INFO_GOLEM,30,4,1,110,5100,,,,,,,,,,,100,2400,,35,1,,,,sc/ui.sc,icon_unit_golem,unit_golem_big,sc/info_golem.sc,,,,Defense,,Golem Deploy,Golem Attack,,Golem Hit,,FALSE,FALSE,TRUE,,,,Golem_lvl9,,FALSE,,0,TombStone_CC,350,110,,0,TRUE,,TRUE,,,,,,,,,,,,,160,,,,,,,,,,,,,,,,,,,,,,-40,,,,,,,,,,1000,1000,,TRUE,,,,,,,,,,,,,,,,,,,,,,,,,,,,,,,,,,,,,,,,,,,,,,,,,,,,,,,,,,,,,,,,,,,
Unused6,1,,TID_GOLEM,TID_CHARACTER_INFO_GOLEM,30,4,1,110,5100,,,,,,,,,,,100,2400,,35,1,,,,sc/ui.sc,icon_unit_golem,unit_golem_big,sc/info_golem.sc,,,,Defense,,Golem Deploy,Golem Attack,,Golem Hit,,FALSE,FALSE,TRUE,,,,Golem_lvl9,,FALSE,,0,TombStone_CC,350,110,,0,TRUE,,TRUE,,,,,,,,,,,,,160,,,,,,,,,,,,,,,,,,,,,,-40,,,,,,,,,,1000,1000,,TRUE,,,,,,,,,,,,,,,,,,,,,,,,,,,,,,,,,,,,,,,,,,,,,,,,,,,,,,,,,,,,,,,,,,,
Unused7,1,,TID_GOLEM,TID_CHARACTER_INFO_GOLEM,30,4,1,110,5100,,,,,,,,,,,100,2400,,35,1,,,,sc/ui.sc,icon_unit_golem,unit_golem_big,sc/info_golem.sc,,,,Defense,,Golem Deploy,Golem Attack,,Golem Hit,,FALSE,FALSE,TRUE,,,,Golem_lvl9,,FALSE,,0,TombStone_CC,350,110,,0,TRUE,,TRUE,,,,,,,,,,,,,160,,,,,,,,,,,,,,,,,,,,,,-40,,,,,,,,,,1000,1000,,TRUE,,,,,,,,,,,,,,,,,,,,,,,,,,,,,,,,,,,,,,,,,,,,,,,,,,,,,,,,,,,,,,,,,,,
Unused8,1,,TID_GOLEM,TID_CHARACTER_INFO_GOLEM,30,4,1,110,5100,,,,,,,,,,,100,2400,,35,1,,,,sc/ui.sc,icon_unit_golem,unit_golem_big,sc/info_golem.sc,,,,Defense,,Golem Deploy,Golem Attack,,Golem Hit,,FALSE,FALSE,TRUE,,,,Golem_lvl9,,FALSE,,0,TombStone_CC,350,110,,0,TRUE,,TRUE,,,,,,,,,,,,,160,,,,,,,,,,,,,,,,,,,,,,-40,,,,,,,,,,1000,1000,,TRUE,,,,,,,,,,,,,,,,,,,,,,,,,,,,,,,,,,,,,,,,,,,,,,,,,,,,,,,,,,,,,,,,,,,
Unused9,1,,TID_GOLEM,TID_CHARACTER_INFO_GOLEM,30,4,1,110,5100,,,,,,,,,,,100,2400,,35,1,,,,sc/ui.sc,icon_unit_golem,unit_golem_big,sc/info_golem.sc,,,,Defense,,Golem Deploy,Golem Attack,,Golem Hit,,FALSE,FALSE,TRUE,,,,Golem_lvl9,,FALSE,,0,TombStone_CC,350,110,,0,TRUE,,TRUE,,,,,,,,,,,,,160,,,,,,,,,,,,,,,,,,,,,,-40,,,,,,,,,,1000,1000,,TRUE,,,,,,,,,,,,,,,,,,,,,,,,,,,,,,,,,,,,,,,,,,,,,,,,,,,,,,,,,,,,,,,,,,,
Unused10,1,,TID_GOLEM,TID_CHARACTER_INFO_GOLEM,30,4,1,110,5100,,,,,,,,,,,100,2400,,35,1,,,,sc/ui.sc,icon_unit_golem,unit_golem_big,sc/info_golem.sc,,,,Defense,,Golem Deploy,Golem Attack,,Golem Hit,,FALSE,FALSE,TRUE,,,,Golem_lvl9,,FALSE,,0,TombStone_CC,350,110,,0,TRUE,,TRUE,,,,,,,,,,,,,160,,,,,,,,,,,,,,,,,,,,,,-40,,,,,,,,,,1000,1000,,TRUE,,,,,,,,,,,,,,,,,,,,,,,,,,,,,,,,,,,,,,,,,,,,,,,,,,,,,,,,,,,,,,,,,,,
Unused11,1,,TID_GOLEM,TID_CHARACTER_INFO_GOLEM,30,4,1,110,5100,,,,,,,,,,,100,2400,,35,1,,,,sc/ui.sc,icon_unit_golem,unit_golem_big,sc/info_golem.sc,,,,Defense,,Golem Deploy,Golem Attack,,Golem Hit,,FALSE,FALSE,TRUE,,,,Golem_lvl9,,FALSE,,0,TombStone_CC,350,110,,0,TRUE,,TRUE,,,,,,,,,,,,,160,,,,,,,,,,,,,,,,,,,,,,-40,,,,,,,,,,1000,1000,,TRUE,,,,,,,,,,,,,,,,,,,,,,,,,,,,,,,,,,,,,,,,,,,,,,,,,,,,,,,,,,,,,,,,,,,
